timestamp,cell_load_prb,rnti,rsrp_dbm,ber_dl,ber_ul,mcs_dl,mcs_ul
2025-08-28T12:22:33.418210,93,1804289383,-109.12,0.4009,0.1298,15,19
2025-08-28T12:22:33.418210,93,846930886,-58.74,0.5129,0.8391,26,17
2025-08-28T12:22:33.418210,93,1681692777,-22.72,0.5243,0.4936,23,2
2025-08-28T12:22:33.418210,93,1714636915,-79.98,0.5267,0.7699,7,20
2025-08-28T12:22:33.917563,15,1804289383,-113.02,0.8077,0.9190,22,17
2025-08-28T12:22:33.917563,15,846930886,-53.68,0.0861,0.1922,8,9
2025-08-28T12:22:33.917563,15,1681692777,-74.23,0.0642,0.0200,17,9
2025-08-28T12:22:33.917563,15,1714636915,-34.91,0.9706,0.9022,24,5
2025-08-28T12:22:34.419369,76,1804289383,-53.23,0.7602,0.5125,12,3
2025-08-28T12:22:34.419369,76,846930886,-26.92,0.4376,0.9318,23,18
2025-08-28T12:22:34.419369,76,1681692777,-84.60,0.7385,0.6400,7,24
2025-08-28T12:22:34.419369,76,1714636915,-37.08,0.4401,0.8801,4,7
2025-08-28T12:22:34.918523,24,1804289383,-24.35,0.3504,0.6867,4,12
2025-08-28T12:22:34.918523,24,846930886,-27.60,0.8587,0.4396,18,6
2025-08-28T12:22:34.918523,24,1681692777,-71.75,0.6842,0.9110,14,10
2025-08-28T12:22:34.918523,24,1714636915,-31.89,0.9201,0.1477,21,6
2025-08-28T12:22:35.418817,24,1804289383,-89.25,0.2811,0.7860,25,16
2025-08-28T12:22:35.418817,24,846930886,-64.36,0.1875,0.2762,13,20
2025-08-28T12:22:35.418817,24,1681692777,-107.39,0.9068,0.1032,3,25
2025-08-28T12:22:35.418817,24,1714636915,-51.56,0.9848,0.9350,19,1
2025-08-28T12:22:35.423295,40,1804289383,-61.55,0.2942,0.2323,5,22
2025-08-28T12:22:35.423295,40,846930886,-40.65,0.7321,0.1255,11,12
2025-08-28T12:22:35.423295,40,1681692777,-114.75,0.0745,0.9501,25,3
2025-08-28T12:22:35.423295,40,1714636915,-46.73,0.2401,0.7978,24,3
2025-08-28T12:22:35.920087,44,1804289383,-106.51,0.7597,0.0935,18,5
2025-08-28T12:22:35.920087,44,846930886,-73.86,0.0699,0.2047,7,11
2025-08-28T12:22:35.920087,44,1681692777,-104.22,0.7556,0.0519,13,10
2025-08-28T12:22:35.920087,44,1714636915,-20.22,0.8900,0.1255,16,4
2025-08-28T12:22:36.420901,54,1804289383,-60.61,0.0042,0.9231,7,3
2025-08-28T12:22:36.420901,54,846930886,-38.03,0.3917,0.9130,16,11
2025-08-28T12:22:36.420901,54,1681692777,-51.26,0.5794,0.4526,23,26
2025-08-28T12:22:36.420901,54,1714636915,-20.78,0.7573,0.3043,21,25
2025-08-28T12:22:36.426773,58,1804289383,-45.22,0.6289,0.0354,19,3
2025-08-28T12:22:36.426773,58,846930886,-22.06,0.8733,0.8310,20,11
2025-08-28T12:22:36.426773,58,1681692777,-70.27,0.9836,0.6669,14,16
2025-08-28T12:22:36.426773,58,1714636915,-55.03,0.8889,0.0770,4,13
2025-08-28T12:22:36.921306,83,1804289383,-87.12,0.7006,0.3169,7,6
2025-08-28T12:22:36.921306,83,846930886,-54.89,0.6331,0.2237,24,1
2025-08-28T12:22:36.921306,83,1681692777,-48.07,0.2800,0.5461,23,22
2025-08-28T12:22:36.921306,83,1714636915,-74.91,0.5925,0.9443,18,20
2025-08-28T12:22:36.928052,40,1804289383,-60.15,0.0032,0.3449,4,23
2025-08-28T12:22:36.928052,40,846930886,-71.81,0.6755,0.4830,19,22
2025-08-28T12:22:36.928052,40,1681692777,-115.91,0.1826,0.6218,15,18
2025-08-28T12:22:36.928052,40,1714636915,-85.29,0.6739,0.6376,2,14
2025-08-28T12:22:37.422693,39,1804289383,-45.96,0.7307,0.3284,14,10
2025-08-28T12:22:37.422693,39,846930886,-94.27,0.6848,0.6531,2,2
2025-08-28T12:22:37.422693,39,1681692777,-51.39,0.2605,0.8774,16,16
2025-08-28T12:22:37.422693,39,1714636915,-60.68,0.3616,0.5767,19,10
2025-08-28T12:22:37.428904,81,1804289383,-101.02,0.2884,0.3296,5,22
2025-08-28T12:22:37.428904,81,846930886,-101.18,0.8274,0.3315,23,11
2025-08-28T12:22:37.428904,81,1681692777,-50.09,0.9189,0.7649,3,13
2025-08-28T12:22:37.428904,81,1714636915,-25.69,0.3838,0.7743,23,18
2025-08-28T12:22:37.926958,13,1804289383,-90.27,0.7937,0.5480,4,24
2025-08-28T12:22:37.926958,13,846930886,-62.38,0.8740,0.4981,25,12
2025-08-28T12:22:37.926958,13,1681692777,-73.63,0.8646,0.4924,4,8
2025-08-28T12:22:37.926958,13,1714636915,-51.58,0.2911,0.1804,12,2
2025-08-28T12:22:37.932679,41,1804289383,-47.57,0.4924,0.8381,13,20
2025-08-28T12:22:37.932679,41,846930886,-106.18,0.4985,0.1213,27,5
2025-08-28T12:22:37.932679,41,1681692777,-57.79,0.9319,0.9085,4,3
2025-08-28T12:22:37.932679,41,1714636915,-80.57,0.4961,0.3350,14,4
2025-08-28T12:22:37.934261,25,1804289383,-109.22,0.1512,0.0725,21,12
2025-08-28T12:22:37.934261,25,846930886,-110.89,0.2883,0.3314,12,4
2025-08-28T12:22:37.934261,25,1681692777,-54.13,0.5836,0.2655,9,2
2025-08-28T12:22:37.934261,25,1714636915,-57.43,0.1573,0.8830,22,21
2025-08-28T12:22:38.422404,15,1804289383,-80.56,0.4262,0.8299,17,25
2025-08-28T12:22:38.422404,15,846930886,-21.52,0.7294,0.6387,27,18
2025-08-28T12:22:38.422404,15,1681692777,-119.46,0.1361,0.4108,1,8
2025-08-28T12:22:38.422404,15,1714636915,-33.45,0.2937,0.1147,26,11
2025-08-28T12:22:38.424526,14,1804289383,-98.91,0.9865,0.7079,23,20
2025-08-28T12:22:38.424526,14,846930886,-81.71,0.0939,0.0996,26,11
2025-08-28T12:22:38.424526,14,1681692777,-114.85,0.8091,0.1317,2,4
2025-08-28T12:22:38.424526,14,1714636915,-75.74,0.7809,0.6921,8,9
2025-08-28T12:22:38.924934,36,1804289383,-83.81,0.5299,0.5950,24,0
2025-08-28T12:22:38.924934,36,846930886,-59.03,0.4766,0.1698,1,21
2025-08-28T12:22:38.924934,36,1681692777,-37.02,0.5962,0.2337,11,14
2025-08-28T12:22:38.924934,36,1714636915,-71.83,0.9237,0.1696,26,4
2025-08-28T12:22:38.928658,72,1804289383,-85.57,0.3572,0.8783,9,27
2025-08-28T12:22:38.928658,72,846930886,-42.17,0.0363,0.2575,26,1
2025-08-28T12:22:38.928658,72,1681692777,-100.20,0.3082,0.2210,20,9
2025-08-28T12:22:38.928658,72,1714636915,-48.05,0.6746,0.7823,10,21
2025-08-28T12:22:38.929934,77,1804289383,-81.43,0.4340,0.2310,6,16
2025-08-28T12:22:38.929934,77,846930886,-81.98,0.5554,0.0146,1,27
2025-08-28T12:22:38.929934,77,1681692777,-55.03,0.7374,0.2604,12,3
2025-08-28T12:22:38.929934,77,1714636915,-50.22,0.6860,0.8098,26,19
2025-08-28T12:22:39.428330,14,1804289383,-58.16,0.5330,0.8439,4,7
2025-08-28T12:22:39.428330,14,846930886,-48.11,0.4007,0.3622,17,16
2025-08-28T12:22:39.428330,14,1681692777,-113.64,0.1529,0.0329,27,5
2025-08-28T12:22:39.428330,14,1714636915,-63.22,0.6190,0.7003,17,13
2025-08-28T12:22:39.436380,35,1804289383,-34.24,0.2616,0.6554,7,12
2025-08-28T12:22:39.436380,35,846930886,-54.67,0.6673,0.8790,0,5
2025-08-28T12:22:39.436380,35,1681692777,-69.65,0.1863,0.1571,21,18
2025-08-28T12:22:39.436380,35,1714636915,-80.55,0.9042,0.1911,9,1
2025-08-28T12:22:39.438133,39,1804289383,-96.69,0.7390,0.9325,3,9
2025-08-28T12:22:39.438133,39,846930886,-64.74,0.9334,0.4944,12,1
2025-08-28T12:22:39.438133,39,1681692777,-54.28,0.8141,0.5945,26,20
2025-08-28T12:22:39.438133,39,1714636915,-61.08,0.3245,0.8743,2,2
2025-08-28T12:22:39.925468,96,1804289383,-59.56,0.7949,0.2628,14,18
2025-08-28T12:22:39.925468,96,846930886,-32.70,0.7955,0.8651,8,3
2025-08-28T12:22:39.925468,96,1681692777,-55.44,0.6120,0.5969,24,6
2025-08-28T12:22:39.925468,96,1714636915,-49.91,0.5790,0.0330,6,16
2025-08-28T12:22:39.927466,19,1804289383,-68.97,0.1126,0.4898,2,23
2025-08-28T12:22:39.927466,19,846930886,-74.79,0.3847,0.6377,27,4
2025-08-28T12:22:39.927466,19,1681692777,-118.25,0.2470,0.4068,20,16
2025-08-28T12:22:39.927466,19,1714636915,-75.33,0.8129,0.5827,13,13
2025-08-28T12:22:39.929939,62,1804289383,-60.27,0.0743,0.6408,17,19
2025-08-28T12:22:39.929939,62,846930886,-46.21,0.6302,0.9235,5,13
2025-08-28T12:22:39.929939,62,1681692777,-25.11,0.8506,0.9527,25,6
2025-08-28T12:22:39.929939,62,1714636915,-98.09,0.3336,0.5367,27,2
2025-08-28T12:22:40.427227,13,1804289383,-101.62,0.8843,0.9673,25,5
2025-08-28T12:22:40.427227,13,846930886,-94.24,0.7664,0.9048,18,19
2025-08-28T12:22:40.427227,13,1681692777,-63.92,0.3318,0.4024,3,18
2025-08-28T12:22:40.427227,13,1714636915,-83.99,0.1910,0.4780,15,22
2025-08-28T12:22:40.430092,76,1804289383,-109.02,0.6065,0.8654,17,19
2025-08-28T12:22:40.430092,76,846930886,-52.34,0.6465,0.5927,27,7
2025-08-28T12:22:40.430092,76,1681692777,-95.74,0.5609,0.5636,9,0
2025-08-28T12:22:40.430092,76,1714636915,-59.86,0.0091,0.9237,13,9
2025-08-28T12:22:40.431424,52,1804289383,-71.23,0.1731,0.4480,15,24
2025-08-28T12:22:40.431424,52,846930886,-90.71,0.9657,0.1553,18,5
2025-08-28T12:22:40.431424,52,1681692777,-72.42,0.8994,0.7476,23,1
2025-08-28T12:22:40.431424,52,1714636915,-57.68,0.1223,0.8657,16,19
2025-08-28T12:22:40.927298,14,1804289383,-99.70,0.2823,0.1672,11,15
2025-08-28T12:22:40.927298,14,846930886,-25.31,0.1267,0.2276,8,26
2025-08-28T12:22:40.927298,14,1681692777,-55.15,0.1200,0.4618,24,3
2025-08-28T12:22:40.927298,14,1714636915,-80.63,0.6142,0.0706,27,11
2025-08-28T12:22:40.929443,15,1804289383,-63.38,0.2441,0.9124,6,5
2025-08-28T12:22:40.929443,15,846930886,-44.66,0.4318,0.8139,1,26
2025-08-28T12:22:40.929443,15,1681692777,-99.91,0.0357,0.5235,1,10
2025-08-28T12:22:40.929443,15,1714636915,-55.33,0.3276,0.8893,2,9
2025-08-28T12:22:40.937329,0,1804289383,-51.81,0.8033,0.6987,0,19
2025-08-28T12:22:40.937329,0,846930886,-39.06,0.7525,0.2979,13,18
2025-08-28T12:22:40.937329,0,1681692777,-104.27,0.0534,0.1015,1,7
2025-08-28T12:22:40.937329,0,1714636915,-31.04,0.5891,0.0581,3,6
2025-08-28T12:22:41.427408,49,1804289383,-61.30,0.4691,0.2570,3,6
2025-08-28T12:22:41.427408,49,846930886,-27.39,0.4764,0.8155,23,13
2025-08-28T12:22:41.427408,49,1681692777,-93.58,0.7294,0.2252,1,8
2025-08-28T12:22:41.427408,49,1714636915,-85.25,0.0167,0.9315,24,15
2025-08-28T12:22:41.430206,24,1804289383,-55.49,0.3072,0.6799,5,4
2025-08-28T12:22:41.430206,24,846930886,-98.55,0.7032,0.3329,9,20
2025-08-28T12:22:41.430206,24,1681692777,-35.49,0.6836,0.0162,4,11
2025-08-28T12:22:41.430206,24,1714636915,-67.32,0.3215,0.6680,18,12
2025-08-28T12:22:41.432131,14,1804289383,-31.02,0.0732,0.5144,0,4
2025-08-28T12:22:41.432131,14,846930886,-46.33,0.8213,0.9590,3,0
2025-08-28T12:22:41.432131,14,1681692777,-119.49,0.0439,0.0239,15,10
2025-08-28T12:22:41.432131,14,1714636915,-69.26,0.7083,0.8201,15,10
2025-08-28T12:22:41.928012,1,1804289383,-115.66,0.4836,0.9234,16,12
2025-08-28T12:22:41.928012,1,846930886,-110.71,0.7114,0.6112,2,24
2025-08-28T12:22:41.928012,1,1681692777,-44.27,0.1661,0.4759,6,23
2025-08-28T12:22:41.928012,1,1714636915,-45.63,0.5786,0.7365,4,12
2025-08-28T12:22:41.929963,92,1804289383,-92.51,0.9464,0.1015,5,25
2025-08-28T12:22:41.929963,92,846930886,-92.28,0.0950,0.7467,5,22
2025-08-28T12:22:41.929963,92,1681692777,-21.89,0.7609,0.0967,5,7
2025-08-28T12:22:41.929963,92,1714636915,-76.56,0.6925,0.4565,13,16
2025-08-28T12:22:41.931156,57,1804289383,-82.20,0.1300,0.0813,27,16
2025-08-28T12:22:41.931156,57,846930886,-61.76,0.1145,0.8807,15,13
2025-08-28T12:22:41.931156,57,1681692777,-25.68,0.5289,0.3123,4,0
2025-08-28T12:22:41.931156,57,1714636915,-80.07,0.0383,0.5149,2,1
2025-08-28T12:22:41.932565,15,1804289383,-119.46,0.3082,0.4338,5,22
2025-08-28T12:22:41.932565,15,846930886,-41.97,0.4619,0.0842,11,11
2025-08-28T12:22:41.932565,15,1681692777,-113.73,0.9102,0.8672,23,26
2025-08-28T12:22:41.932565,15,1714636915,-109.05,0.1771,0.9279,2,15
2025-08-28T12:22:42.429435,66,1804289383,-79.34,0.7003,0.5394,21,15
2025-08-28T12:22:42.429435,66,846930886,-41.08,0.9216,0.2217,9,27
2025-08-28T12:22:42.429435,66,1681692777,-81.27,0.0975,0.8080,4,14
2025-08-28T12:22:42.429435,66,1714636915,-48.56,0.8493,0.8315,4,10
2025-08-28T12:22:42.431636,11,1804289383,-52.82,0.5024,0.5788,24,11
2025-08-28T12:22:42.431636,11,846930886,-105.61,0.5997,0.1390,27,24
2025-08-28T12:22:42.431636,11,1681692777,-101.60,0.8443,0.7353,23,16
2025-08-28T12:22:42.431636,11,1714636915,-109.78,0.1056,0.8884,27,8
2025-08-28T12:22:42.436579,79,1804289383,-25.30,0.2877,0.6576,1,14
2025-08-28T12:22:42.436579,79,846930886,-105.79,0.7785,0.9363,16,20
2025-08-28T12:22:42.436579,79,1681692777,-96.72,0.6445,0.8734,12,7
2025-08-28T12:22:42.436579,79,1714636915,-42.67,0.8326,0.8130,12,2
2025-08-28T12:22:42.438214,81,1804289383,-91.57,0.7638,0.7744,1,2
2025-08-28T12:22:42.438214,81,846930886,-84.02,0.1727,0.1790,3,10
2025-08-28T12:22:42.438214,81,1681692777,-87.43,0.6475,0.1007,18,23
2025-08-28T12:22:42.438214,81,1714636915,-45.03,0.1042,0.8058,11,14
2025-08-28T12:22:42.929472,42,1804289383,-113.18,0.2722,0.5996,14,0
2025-08-28T12:22:42.929472,42,846930886,-73.93,0.8812,0.6748,2,21
2025-08-28T12:22:42.929472,42,1681692777,-62.33,0.2244,0.2461,27,12
2025-08-28T12:22:42.929472,42,1714636915,-71.41,0.7494,0.4802,19,1
2025-08-28T12:22:42.931809,95,1804289383,-119.72,0.2932,0.1846,23,24
2025-08-28T12:22:42.931809,95,846930886,-51.25,0.8086,0.6505,8,13
2025-08-28T12:22:42.931809,95,1681692777,-108.70,0.9597,0.7751,12,8
2025-08-28T12:22:42.931809,95,1714636915,-53.21,0.9942,0.5361,7,20
2025-08-28T12:22:42.933757,3,1804289383,-100.65,0.7119,0.4053,17,27
2025-08-28T12:22:42.933757,3,846930886,-85.28,0.6736,0.3239,5,25
2025-08-28T12:22:42.933757,3,1681692777,-73.99,0.6404,0.7171,25,15
2025-08-28T12:22:42.933757,3,1714636915,-50.66,0.2687,0.1916,1,26
2025-08-28T12:22:42.935077,66,1804289383,-68.56,0.2192,0.3493,18,10
2025-08-28T12:22:42.935077,66,846930886,-39.06,0.0505,0.0943,18,13
2025-08-28T12:22:42.935077,66,1681692777,-101.99,0.5213,0.2843,8,14
2025-08-28T12:22:42.935077,66,1714636915,-41.38,0.8538,0.6831,9,17
2025-08-28T12:22:43.431591,40,1804289383,-23.23,0.1034,0.6004,15,8
2025-08-28T12:22:43.431591,40,846930886,-88.68,0.1593,0.8026,0,13
2025-08-28T12:22:43.431591,40,1681692777,-23.00,0.5323,0.7450,21,27
2025-08-28T12:22:43.431591,40,1714636915,-30.21,0.0205,0.0531,2,26
2025-08-28T12:22:43.436948,46,1804289383,-42.16,0.1838,0.2199,14,0
2025-08-28T12:22:43.436948,46,846930886,-74.01,0.4615,0.4090,24,10
2025-08-28T12:22:43.436948,46,1681692777,-39.68,0.5633,0.2022,24,16
2025-08-28T12:22:43.436948,46,1714636915,-81.55,0.9626,0.4752,13,2
2025-08-28T12:22:43.439038,96,1804289383,-32.44,0.1032,0.9009,1,27
2025-08-28T12:22:43.439038,96,846930886,-37.91,0.9287,0.0897,18,9
2025-08-28T12:22:43.439038,96,1681692777,-91.28,0.0047,0.1882,12,27
2025-08-28T12:22:43.439038,96,1714636915,-47.82,0.7487,0.0365,25,9
2025-08-28T12:22:43.440375,43,1804289383,-24.23,0.5527,0.6753,9,4
2025-08-28T12:22:43.440375,43,846930886,-20.40,0.4329,0.0086,15,18
2025-08-28T12:22:43.440375,43,1681692777,-39.90,0.0993,0.2646,4,25
2025-08-28T12:22:43.440375,43,1714636915,-119.30,0.7297,0.3807,27,14
2025-08-28T12:22:43.931407,41,1804289383,-56.08,0.8863,0.1767,10,24
2025-08-28T12:22:43.931407,41,846930886,-92.41,0.6757,0.8701,24,5
2025-08-28T12:22:43.931407,41,1681692777,-108.71,0.8286,0.2230,19,3
2025-08-28T12:22:43.931407,41,1714636915,-34.32,0.5458,0.4612,4,25
2025-08-28T12:22:43.934262,45,1804289383,-95.28,0.1741,0.1877,0,0
2025-08-28T12:22:43.934262,45,846930886,-58.45,0.6279,0.3671,27,14
2025-08-28T12:22:43.934262,45,1681692777,-118.20,0.5018,0.6941,4,15
2025-08-28T12:22:43.934262,45,1714636915,-30.46,0.6937,0.5201,13,13
2025-08-28T12:22:43.935499,76,1804289383,-102.33,0.4644,0.7882,0,2
2025-08-28T12:22:43.935499,76,846930886,-95.65,0.6379,0.1820,10,8
2025-08-28T12:22:43.935499,76,1681692777,-81.47,0.4177,0.2123,21,26
2025-08-28T12:22:43.935499,76,1714636915,-45.48,0.0132,0.1449,16,14
2025-08-28T12:22:43.936633,60,1804289383,-30.29,0.2246,0.5417,22,6
2025-08-28T12:22:43.936633,60,846930886,-72.32,0.4172,0.7395,9,12
2025-08-28T12:22:43.936633,60,1681692777,-55.99,0.9412,0.8807,17,25
2025-08-28T12:22:43.936633,60,1714636915,-74.17,0.2780,0.4484,13,14
2025-08-28T12:22:44.431669,9,1804289383,-54.62,0.5148,0.9718,25,7
2025-08-28T12:22:44.431669,9,846930886,-68.45,0.7987,0.3897,11,7
2025-08-28T12:22:44.431669,9,1681692777,-66.63,0.7402,0.8642,22,18
2025-08-28T12:22:44.431669,9,1714636915,-62.35,0.9509,0.3238,18,17
2025-08-28T12:22:44.434130,12,1804289383,-41.59,0.9241,0.4273,11,22
2025-08-28T12:22:44.434130,12,846930886,-119.21,0.2326,0.5971,19,20
2025-08-28T12:22:44.434130,12,1681692777,-107.32,0.5227,0.7909,27,13
2025-08-28T12:22:44.434130,12,1714636915,-90.86,0.9255,0.5569,27,10
2025-08-28T12:22:44.435444,65,1804289383,-58.41,0.1122,0.7273,1,3
2025-08-28T12:22:44.435444,65,846930886,-47.85,0.9396,0.7883,4,20
2025-08-28T12:22:44.435444,65,1681692777,-110.99,0.6456,0.1541,18,1
2025-08-28T12:22:44.435444,65,1714636915,-33.27,0.3227,0.3816,0,21
2025-08-28T12:22:44.437011,61,1804289383,-64.27,0.9327,0.9815,19,27
2025-08-28T12:22:44.437011,61,846930886,-104.51,0.1142,0.0000,7,14
2025-08-28T12:22:44.437011,61,1681692777,-55.25,0.2671,0.0350,22,17
2025-08-28T12:22:44.437011,61,1714636915,-76.53,0.5872,0.2671,17,9
2025-08-28T12:22:44.932048,37,1804289383,-33.51,0.4682,0.6633,10,25
2025-08-28T12:22:44.932048,37,846930886,-107.23,0.2465,0.1949,24,10
2025-08-28T12:22:44.932048,37,1681692777,-105.77,0.0605,0.0826,6,19
2025-08-28T12:22:44.932048,37,1714636915,-105.55,0.2565,0.7691,22,1
2025-08-28T12:22:44.934252,78,1804289383,-30.96,0.5993,0.4483,10,11
2025-08-28T12:22:44.934252,78,846930886,-85.04,0.1576,0.7472,9,20
2025-08-28T12:22:44.934252,78,1681692777,-50.75,0.8177,0.3939,18,3
2025-08-28T12:22:44.934252,78,1714636915,-69.24,0.9390,0.3403,9,16
2025-08-28T12:22:44.936200,56,1804289383,-86.28,0.1227,0.0676,4,4
2025-08-28T12:22:44.936200,56,846930886,-31.17,0.1063,0.2567,18,23
2025-08-28T12:22:44.936200,56,1681692777,-64.14,0.4876,0.3554,1,12
2025-08-28T12:22:44.936200,56,1714636915,-45.95,0.7162,0.5474,1,23
2025-08-28T12:22:44.937264,95,1804289383,-49.64,0.8408,0.0675,10,2
2025-08-28T12:22:44.937264,95,846930886,-115.35,0.0439,0.7283,16,5
2025-08-28T12:22:44.937264,95,1681692777,-56.65,0.1692,0.0368,18,22
2025-08-28T12:22:44.937264,95,1714636915,-95.07,0.7398,0.5381,14,15
2025-08-28T12:22:44.938238,70,1804289383,-66.30,0.0022,0.7649,11,14
2025-08-28T12:22:44.938238,70,846930886,-27.20,0.0844,0.1335,9,0
2025-08-28T12:22:44.938238,70,1681692777,-80.47,0.7688,0.5268,6,1
2025-08-28T12:22:44.938238,70,1714636915,-62.02,0.4392,0.7178,24,2
2025-08-28T12:22:45.432542,64,1804289383,-116.97,0.4452,0.6477,8,21
2025-08-28T12:22:45.432542,64,846930886,-116.57,0.5684,0.0554,23,23
2025-08-28T12:22:45.432542,64,1681692777,-87.07,0.0365,0.5396,2,0
2025-08-28T12:22:45.432542,64,1714636915,-25.13,0.4137,0.5632,12,22
2025-08-28T12:22:45.434015,70,1804289383,-49.30,0.3999,0.6502,23,24
2025-08-28T12:22:45.434015,70,846930886,-70.22,0.4248,0.5129,12,3
2025-08-28T12:22:45.434015,70,1681692777,-90.78,0.9431,0.0866,27,14
2025-08-28T12:22:45.434015,70,1714636915,-69.16,0.8606,0.8046,18,4
2025-08-28T12:22:45.435296,89,1804289383,-22.55,0.1748,0.9263,4,8
2025-08-28T12:22:45.435296,89,846930886,-98.69,0.5377,0.1442,15,27
2025-08-28T12:22:45.435296,89,1681692777,-63.12,0.6130,0.4428,6,12
2025-08-28T12:22:45.435296,89,1714636915,-116.99,0.9935,0.0592,3,14
2025-08-28T12:22:45.436779,29,1804289383,-47.76,0.5190,0.6133,10,13
2025-08-28T12:22:45.436779,29,846930886,-109.09,0.5270,0.5015,3,8
2025-08-28T12:22:45.436779,29,1681692777,-117.91,0.2839,0.0503,23,17
2025-08-28T12:22:45.436779,29,1714636915,-59.66,0.5585,0.6237,11,11
2025-08-28T12:22:45.437820,42,1804289383,-43.73,0.7939,0.0542,23,11
2025-08-28T12:22:45.437820,42,846930886,-71.98,0.8218,0.3562,20,20
2025-08-28T12:22:45.437820,42,1681692777,-114.83,0.9992,0.7561,4,7
2025-08-28T12:22:45.437820,42,1714636915,-86.09,0.5787,0.4938,1,23
2025-08-28T12:22:45.930703,82,1804289383,-109.76,0.7529,0.5611,12,10
2025-08-28T12:22:45.930703,82,846930886,-72.93,0.7261,0.7466,16,11
2025-08-28T12:22:45.930703,82,1681692777,-47.42,0.2646,0.2658,0,19
2025-08-28T12:22:45.930703,82,1714636915,-40.62,0.5476,0.9468,5,16
2025-08-28T12:22:45.932541,52,1804289383,-41.47,0.4466,0.3278,6,25
2025-08-28T12:22:45.932541,52,846930886,-59.08,0.2792,0.0157,10,27
2025-08-28T12:22:45.932541,52,1681692777,-45.89,0.3621,0.3804,17,19
2025-08-28T12:22:45.932541,52,1714636915,-22.93,0.4673,0.2520,13,2
2025-08-28T12:22:45.934032,72,1804289383,-37.41,0.9447,0.9408,24,5
2025-08-28T12:22:45.934032,72,846930886,-102.10,0.7727,0.0520,26,12
2025-08-28T12:22:45.934032,72,1681692777,-56.96,0.6256,0.3766,13,6
2025-08-28T12:22:45.934032,72,1714636915,-30.77,0.9095,0.3179,20,25
2025-08-28T12:22:45.935374,11,1804289383,-44.02,0.1093,0.6977,3,11
2025-08-28T12:22:45.935374,11,846930886,-35.61,0.0117,0.5800,15,1
2025-08-28T12:22:45.935374,11,1681692777,-55.88,0.7886,0.1676,10,13
2025-08-28T12:22:45.935374,11,1714636915,-36.49,0.4139,0.0989,21,8
2025-08-28T12:22:45.936477,65,1804289383,-43.71,0.8394,0.5742,8,14
2025-08-28T12:22:45.936477,65,846930886,-98.74,0.0808,0.0148,19,14
2025-08-28T12:22:45.936477,65,1681692777,-117.10,0.3220,0.7351,6,3
2025-08-28T12:22:45.936477,65,1714636915,-45.59,0.0408,0.5114,22,3
2025-08-28T12:22:46.431511,11,1804289383,-62.05,0.4352,0.9679,27,24
2025-08-28T12:22:46.431511,11,846930886,-35.55,0.6784,0.9264,25,7
2025-08-28T12:22:46.431511,11,1681692777,-105.01,0.6838,0.1964,1,27
2025-08-28T12:22:46.431511,11,1714636915,-30.72,0.2307,0.8211,20,8
2025-08-28T12:22:46.438221,2,1804289383,-105.39,0.0032,0.1194,0,8
2025-08-28T12:22:46.438221,2,846930886,-77.23,0.6575,0.6474,14,6
2025-08-28T12:22:46.438221,2,1681692777,-44.04,0.8629,0.9521,3,24
2025-08-28T12:22:46.438221,2,1714636915,-102.17,0.4379,0.8806,12,14
2025-08-28T12:22:46.439750,80,1804289383,-53.15,0.2566,0.4175,24,6
2025-08-28T12:22:46.439750,80,846930886,-28.37,0.4896,0.8296,6,12
2025-08-28T12:22:46.439750,80,1681692777,-100.95,0.9195,0.6993,7,15
2025-08-28T12:22:46.439750,80,1714636915,-91.28,0.8480,0.4703,16,21
2025-08-28T12:22:46.441269,82,1804289383,-109.57,0.7843,0.4100,23,22
2025-08-28T12:22:46.441269,82,846930886,-29.19,0.9849,0.2964,27,24
2025-08-28T12:22:46.441269,82,1681692777,-37.29,0.1647,0.6700,23,23
2025-08-28T12:22:46.441269,82,1714636915,-96.56,0.3167,0.9310,15,5
2025-08-28T12:22:46.442377,36,1804289383,-22.32,0.5960,0.1659,6,24
2025-08-28T12:22:46.442377,36,846930886,-35.39,0.4471,0.7426,23,25
2025-08-28T12:22:46.442377,36,1681692777,-20.29,0.6304,0.5076,7,21
2025-08-28T12:22:46.442377,36,1714636915,-93.64,0.9820,0.0450,25,9
2025-08-28T12:22:46.931779,78,1804289383,-67.02,0.9045,0.0306,9,1
2025-08-28T12:22:46.931779,78,846930886,-95.61,0.4608,0.4572,16,27
2025-08-28T12:22:46.931779,78,1681692777,-61.21,0.8399,0.6020,25,8
2025-08-28T12:22:46.931779,78,1714636915,-73.79,0.0350,0.0379,0,13
2025-08-28T12:22:46.933407,64,1804289383,-35.90,0.6401,0.9277,9,26
2025-08-28T12:22:46.933407,64,846930886,-105.58,0.8860,0.2592,14,4
2025-08-28T12:22:46.933407,64,1681692777,-98.27,0.0487,0.1202,2,8
2025-08-28T12:22:46.933407,64,1714636915,-48.86,0.6781,0.7286,11,0
2025-08-28T12:22:46.934564,4,1804289383,-35.34,0.7162,0.9276,15,7
2025-08-28T12:22:46.934564,4,846930886,-110.48,0.8845,0.7942,10,20
2025-08-28T12:22:46.934564,4,1681692777,-47.22,0.7353,0.7429,0,4
2025-08-28T12:22:46.934564,4,1714636915,-40.32,0.6138,0.9902,3,22
2025-08-28T12:22:46.936144,85,1804289383,-108.30,0.8237,0.8950,1,0
2025-08-28T12:22:46.936144,85,846930886,-51.27,0.8456,0.0026,20,21
2025-08-28T12:22:46.936144,85,1681692777,-79.95,0.4035,0.1130,6,26
2025-08-28T12:22:46.936144,85,1714636915,-102.92,0.2851,0.5300,21,13
2025-08-28T12:22:46.937367,43,1804289383,-56.29,0.8432,0.1445,3,26
2025-08-28T12:22:46.937367,43,846930886,-73.83,0.6272,0.2926,6,16
2025-08-28T12:22:46.937367,43,1681692777,-94.49,0.2854,0.1999,8,24
2025-08-28T12:22:46.937367,43,1714636915,-73.97,0.1007,0.5792,20,8
2025-08-28T12:22:47.432406,7,1804289383,-60.04,0.3991,0.5336,26,9
2025-08-28T12:22:47.432406,7,846930886,-28.10,0.1295,0.6455,8,26
2025-08-28T12:22:47.432406,7,1681692777,-101.13,0.7622,0.6907,17,0
2025-08-28T12:22:47.432406,7,1714636915,-28.93,0.8159,0.5505,11,4
2025-08-28T12:22:47.435663,80,1804289383,-42.74,0.3208,0.9437,14,24
2025-08-28T12:22:47.435663,80,846930886,-86.96,0.3518,0.5541,7,1
2025-08-28T12:22:47.435663,80,1681692777,-118.25,0.7295,0.0186,26,10
2025-08-28T12:22:47.435663,80,1714636915,-44.37,0.1471,0.8497,17,25
2025-08-28T12:22:47.438061,47,1804289383,-42.36,0.3840,0.5900,18,23
2025-08-28T12:22:47.438061,47,846930886,-67.32,0.3269,0.7438,17,20
2025-08-28T12:22:47.438061,47,1681692777,-48.75,0.8475,0.9591,27,9
2025-08-28T12:22:47.438061,47,1714636915,-86.61,0.0643,0.4954,8,19
2025-08-28T12:22:47.439195,42,1804289383,-93.24,0.5678,0.9309,4,26
2025-08-28T12:22:47.439195,42,846930886,-42.88,0.1173,0.1614,19,24
2025-08-28T12:22:47.439195,42,1681692777,-74.38,0.1553,0.1086,8,16
2025-08-28T12:22:47.439195,42,1714636915,-115.87,0.7830,0.7321,27,13
2025-08-28T12:22:47.440183,1,1804289383,-36.99,0.7576,0.3845,22,15
2025-08-28T12:22:47.440183,1,846930886,-20.19,0.3255,0.0949,6,2
2025-08-28T12:22:47.440183,1,1681692777,-77.41,0.5660,0.1697,22,22
2025-08-28T12:22:47.440183,1,1714636915,-118.11,0.5432,0.1324,24,16
2025-08-28T12:22:47.932854,99,1804289383,-103.74,0.1704,0.2684,6,3
2025-08-28T12:22:47.932854,99,846930886,-35.01,0.8947,0.7262,10,16
2025-08-28T12:22:47.932854,99,1681692777,-75.49,0.6074,0.9513,6,24
2025-08-28T12:22:47.932854,99,1714636915,-80.17,0.7706,0.4634,24,13
2025-08-28T12:22:47.934494,75,1804289383,-26.47,0.1792,0.0476,14,17
2025-08-28T12:22:47.934494,75,846930886,-54.75,0.0677,0.4458,21,20
2025-08-28T12:22:47.934494,75,1681692777,-41.74,0.8229,0.1482,22,18
2025-08-28T12:22:47.934494,75,1714636915,-115.05,0.6773,0.2339,16,7
2025-08-28T12:22:47.935966,86,1804289383,-117.46,0.1953,0.2940,20,10
2025-08-28T12:22:47.935966,86,846930886,-112.59,0.4887,0.9938,4,2
2025-08-28T12:22:47.935966,86,1681692777,-30.67,0.2533,0.1580,13,17
2025-08-28T12:22:47.935966,86,1714636915,-79.87,0.9610,0.1260,24,26
2025-08-28T12:22:47.937181,4,1804289383,-46.81,0.9891,0.5287,13,13
2025-08-28T12:22:47.937181,4,846930886,-74.99,0.9659,0.2382,6,23
2025-08-28T12:22:47.937181,4,1681692777,-27.95,0.6455,0.1088,2,21
2025-08-28T12:22:47.937181,4,1714636915,-95.26,0.4092,0.2347,13,25
2025-08-28T12:22:47.938820,46,1804289383,-101.91,0.6777,0.0861,14,27
2025-08-28T12:22:47.938820,46,846930886,-31.20,0.3069,0.8277,11,14
2025-08-28T12:22:47.938820,46,1681692777,-41.62,0.8771,0.5817,16,3
2025-08-28T12:22:47.938820,46,1714636915,-96.22,0.7497,0.3041,27,13
2025-08-28T12:22:47.940081,0,1804289383,-107.58,0.6733,0.1197,4,24
2025-08-28T12:22:47.940081,0,846930886,-115.15,0.3589,0.0941,7,14
2025-08-28T12:22:47.940081,0,1681692777,-42.43,0.7262,0.6377,4,2
2025-08-28T12:22:47.940081,0,1714636915,-62.72,0.0826,0.9803,6,3
2025-08-28T12:22:48.433556,10,1804289383,-68.43,0.7172,0.8160,11,7
2025-08-28T12:22:48.433556,10,846930886,-106.98,0.8198,0.7428,4,24
2025-08-28T12:22:48.433556,10,1681692777,-44.97,0.8034,0.1387,17,16
2025-08-28T12:22:48.433556,10,1714636915,-48.39,0.1093,0.7441,25,4
2025-08-28T12:22:48.435852,39,1804289383,-60.51,0.2987,0.1146,14,21
2025-08-28T12:22:48.435852,39,846930886,-86.73,0.5752,0.5563,25,6
2025-08-28T12:22:48.435852,39,1681692777,-67.82,0.0499,0.4234,18,3
2025-08-28T12:22:48.435852,39,1714636915,-108.08,0.3416,0.2977,4,25
2025-08-28T12:22:48.437970,49,1804289383,-62.73,0.4993,0.6741,24,23
2025-08-28T12:22:48.437970,49,846930886,-75.56,0.3169,0.8829,2,19
2025-08-28T12:22:48.437970,49,1681692777,-27.99,0.7431,0.7704,15,21
2025-08-28T12:22:48.437970,49,1714636915,-89.97,0.4953,0.2828,11,14
2025-08-28T12:22:48.439034,86,1804289383,-29.49,0.5261,0.8108,22,6
2025-08-28T12:22:48.439034,86,846930886,-68.70,0.2028,0.6343,24,19
2025-08-28T12:22:48.439034,86,1681692777,-107.03,0.0123,0.8007,14,9
2025-08-28T12:22:48.439034,86,1714636915,-117.15,0.4466,0.0621,25,24
2025-08-28T12:22:48.440053,22,1804289383,-70.18,0.8728,0.3074,3,6
2025-08-28T12:22:48.440053,22,846930886,-29.47,0.7810,0.1407,19,3
2025-08-28T12:22:48.440053,22,1681692777,-80.40,0.4314,0.8807,2,4
2025-08-28T12:22:48.440053,22,1714636915,-65.38,0.5988,0.5809,27,18
2025-08-28T12:22:48.441071,23,1804289383,-46.24,0.5261,0.2676,6,13
2025-08-28T12:22:48.441071,23,846930886,-38.33,0.7997,0.1387,3,17
2025-08-28T12:22:48.441071,23,1681692777,-79.16,0.6895,0.4943,8,25
2025-08-28T12:22:48.441071,23,1714636915,-99.77,0.1894,0.6706,11,16
2025-08-28T12:22:48.933954,45,1804289383,-61.97,0.1401,0.5575,13,20
2025-08-28T12:22:48.933954,45,846930886,-31.84,0.1611,0.7194,10,15
2025-08-28T12:22:48.933954,45,1681692777,-118.45,0.4077,0.5666,23,10
2025-08-28T12:22:48.933954,45,1714636915,-110.25,0.8152,0.6565,0,0
2025-08-28T12:22:48.935514,12,1804289383,-88.31,0.4964,0.9752,5,18
2025-08-28T12:22:48.935514,12,846930886,-77.60,0.9875,0.9957,19,24
2025-08-28T12:22:48.935514,12,1681692777,-99.03,0.5640,0.7065,23,17
2025-08-28T12:22:48.935514,12,1714636915,-45.56,0.3709,0.4567,5,21
2025-08-28T12:22:48.936568,62,1804289383,-53.01,0.2365,0.7500,12,7
2025-08-28T12:22:48.936568,62,846930886,-63.27,0.3265,0.6149,27,0
2025-08-28T12:22:48.936568,62,1681692777,-48.12,0.0637,0.8685,5,0
2025-08-28T12:22:48.936568,62,1714636915,-74.29,0.7064,0.8529,14,2
2025-08-28T12:22:48.937969,96,1804289383,-44.16,0.5619,0.6921,24,10
2025-08-28T12:22:48.937969,96,846930886,-46.72,0.2150,0.1691,1,23
2025-08-28T12:22:48.937969,96,1681692777,-20.89,0.9693,0.6996,14,15
2025-08-28T12:22:48.937969,96,1714636915,-36.79,0.3175,0.1015,7,16
2025-08-28T12:22:48.939386,26,1804289383,-44.70,0.0793,0.2222,17,15
2025-08-28T12:22:48.939386,26,846930886,-41.60,0.6059,0.5694,4,13
2025-08-28T12:22:48.939386,26,1681692777,-85.11,0.3460,0.7803,16,19
2025-08-28T12:22:48.939386,26,1714636915,-62.40,0.5639,0.9398,8,24
2025-08-28T12:22:48.940468,19,1804289383,-116.80,0.2131,0.2521,2,16
2025-08-28T12:22:48.940468,19,846930886,-41.96,0.1335,0.3100,22,16
2025-08-28T12:22:48.940468,19,1681692777,-24.12,0.8597,0.8591,1,13
2025-08-28T12:22:48.940468,19,1714636915,-62.82,0.5646,0.5415,8,0
2025-08-28T12:22:49.435257,87,1804289383,-51.16,0.4331,0.4809,3,22
2025-08-28T12:22:49.435257,87,846930886,-64.17,0.6282,0.8524,2,26
2025-08-28T12:22:49.435257,87,1681692777,-77.02,0.7714,0.1412,4,22
2025-08-28T12:22:49.435257,87,1714636915,-70.88,0.5633,0.5592,0,2
2025-08-28T12:22:49.437930,24,1804289383,-87.70,0.0593,0.7238,12,2
2025-08-28T12:22:49.437930,24,846930886,-25.87,0.8644,0.4188,13,23
2025-08-28T12:22:49.437930,24,1681692777,-117.51,0.3744,0.4773,26,6
2025-08-28T12:22:49.437930,24,1714636915,-111.96,0.6531,0.5031,2,2
2025-08-28T12:22:49.439942,80,1804289383,-109.89,0.6835,0.3306,15,24
2025-08-28T12:22:49.439942,80,846930886,-110.59,0.6603,0.8855,25,26
2025-08-28T12:22:49.439942,80,1681692777,-64.07,0.1534,0.1492,4,27
2025-08-28T12:22:49.439942,80,1714636915,-82.10,0.4238,0.4192,4,7
2025-08-28T12:22:49.441087,72,1804289383,-79.59,0.8975,0.7806,7,18
2025-08-28T12:22:49.441087,72,846930886,-22.41,0.9073,0.5001,18,21
2025-08-28T12:22:49.441087,72,1681692777,-74.71,0.6594,0.1388,13,13
2025-08-28T12:22:49.441087,72,1714636915,-107.32,0.1132,0.9391,12,13
2025-08-28T12:22:49.442311,10,1804289383,-91.94,0.6878,0.7348,20,12
2025-08-28T12:22:49.442311,10,846930886,-62.12,0.6998,0.5044,9,14
2025-08-28T12:22:49.442311,10,1681692777,-53.81,0.4764,0.2361,24,2
2025-08-28T12:22:49.442311,10,1714636915,-55.43,0.5692,0.3961,2,1
2025-08-28T12:22:49.443308,45,1804289383,-84.13,0.5162,0.2008,20,19
2025-08-28T12:22:49.443308,45,846930886,-34.74,0.2978,0.6758,18,16
2025-08-28T12:22:49.443308,45,1681692777,-96.35,0.5404,0.2082,17,8
2025-08-28T12:22:49.443308,45,1714636915,-25.44,0.9363,0.1702,18,0
2025-08-28T12:22:49.935169,49,1804289383,-88.20,0.6279,0.0899,16,26
2025-08-28T12:22:49.935169,49,846930886,-116.35,0.7141,0.9433,26,12
2025-08-28T12:22:49.935169,49,1681692777,-59.29,0.5527,0.6629,23,22
2025-08-28T12:22:49.935169,49,1714636915,-37.04,0.9050,0.7774,9,9
2025-08-28T12:22:49.936910,14,1804289383,-116.42,0.5865,0.9698,14,25
2025-08-28T12:22:49.936910,14,846930886,-90.20,0.2060,0.8989,7,5
2025-08-28T12:22:49.936910,14,1681692777,-56.11,0.9258,0.7239,1,15
2025-08-28T12:22:49.936910,14,1714636915,-78.05,0.3529,0.1668,7,20
2025-08-28T12:22:49.938323,48,1804289383,-112.62,0.4779,0.0223,0,14
2025-08-28T12:22:49.938323,48,846930886,-89.44,0.8512,0.2844,1,14
2025-08-28T12:22:49.938323,48,1681692777,-50.99,0.8921,0.5544,11,10
2025-08-28T12:22:49.938323,48,1714636915,-44.15,0.8961,0.7442,5,7
2025-08-28T12:22:49.939639,97,1804289383,-29.22,0.2539,0.7039,9,11
2025-08-28T12:22:49.939639,97,846930886,-32.81,0.0745,0.0565,10,24
2025-08-28T12:22:49.939639,97,1681692777,-109.75,0.3497,0.5119,24,15
2025-08-28T12:22:49.939639,97,1714636915,-45.53,0.9537,0.0889,16,18
2025-08-28T12:22:49.940717,73,1804289383,-71.79,0.0926,0.4332,12,7
2025-08-28T12:22:49.940717,73,846930886,-34.07,0.2263,0.3116,26,1
2025-08-28T12:22:49.940717,73,1681692777,-29.63,0.1133,0.9953,0,12
2025-08-28T12:22:49.940717,73,1714636915,-27.60,0.9782,0.8067,22,17
2025-08-28T12:22:49.941718,42,1804289383,-112.18,0.9798,0.9378,10,26
2025-08-28T12:22:49.941718,42,846930886,-77.03,0.1671,0.1637,12,11
2025-08-28T12:22:49.941718,42,1681692777,-91.75,0.5223,0.3435,24,12
2025-08-28T12:22:49.941718,42,1714636915,-66.79,0.5089,0.3870,1,15
2025-08-28T12:22:50.435764,97,1804289383,-80.44,0.7955,0.2866,14,22
2025-08-28T12:22:50.435764,97,846930886,-46.74,0.2023,0.7717,19,22
2025-08-28T12:22:50.435764,97,1681692777,-107.63,0.7123,0.9755,5,13
2025-08-28T12:22:50.435764,97,1714636915,-90.33,0.2908,0.2949,2,18
2025-08-28T12:22:50.437686,93,1804289383,-30.56,0.5446,0.3779,3,4
2025-08-28T12:22:50.437686,93,846930886,-51.30,0.2814,0.7495,21,23
2025-08-28T12:22:50.437686,93,1681692777,-40.95,0.4825,0.9509,1,9
2025-08-28T12:22:50.437686,93,1714636915,-25.18,0.9928,0.1020,0,7
2025-08-28T12:22:50.439036,85,1804289383,-40.82,0.0059,0.2711,0,26
2025-08-28T12:22:50.439036,85,846930886,-43.70,0.0867,0.1696,24,4
2025-08-28T12:22:50.439036,85,1681692777,-31.70,0.3075,0.5599,24,14
2025-08-28T12:22:50.439036,85,1714636915,-106.64,0.1644,0.2743,20,15
2025-08-28T12:22:50.440209,19,1804289383,-25.36,0.7796,0.4596,17,16
2025-08-28T12:22:50.440209,19,846930886,-71.72,0.0483,0.9435,26,3
2025-08-28T12:22:50.440209,19,1681692777,-80.42,0.4887,0.4669,15,0
2025-08-28T12:22:50.440209,19,1714636915,-40.83,0.4824,0.5313,14,12
2025-08-28T12:22:50.441354,85,1804289383,-57.59,0.2243,0.4029,11,3
2025-08-28T12:22:50.441354,85,846930886,-80.40,0.8985,0.8046,21,2
2025-08-28T12:22:50.441354,85,1681692777,-83.28,0.1756,0.0273,0,0
2025-08-28T12:22:50.441354,85,1714636915,-23.75,0.4155,0.1143,24,13
2025-08-28T12:22:50.442511,30,1804289383,-38.71,0.0781,0.1141,26,1
2025-08-28T12:22:50.442511,30,846930886,-93.91,0.3442,0.8986,11,6
2025-08-28T12:22:50.442511,30,1681692777,-57.80,0.4853,0.2669,19,4
2025-08-28T12:22:50.442511,30,1714636915,-96.99,0.5205,0.9609,3,4
2025-08-28T12:22:50.936765,65,1804289383,-62.34,0.1154,0.7488,16,22
2025-08-28T12:22:50.936765,65,846930886,-42.44,0.6909,0.5576,2,4
2025-08-28T12:22:50.936765,65,1681692777,-37.82,0.8538,0.5233,14,26
2025-08-28T12:22:50.936765,65,1714636915,-81.93,0.1659,0.8593,2,16
2025-08-28T12:22:50.939005,73,1804289383,-117.78,0.2968,0.4792,18,18
2025-08-28T12:22:50.939005,73,846930886,-111.22,0.9830,0.3611,3,8
2025-08-28T12:22:50.939005,73,1681692777,-85.65,0.2032,0.1135,10,21
2025-08-28T12:22:50.939005,73,1714636915,-114.65,0.0344,0.3559,6,16
2025-08-28T12:22:50.940845,63,1804289383,-33.20,0.9669,0.1866,1,2
2025-08-28T12:22:50.940845,63,846930886,-81.75,0.7273,0.4673,20,4
2025-08-28T12:22:50.940845,63,1681692777,-84.46,0.6793,0.0636,25,27
2025-08-28T12:22:50.940845,63,1714636915,-104.90,0.3384,0.1714,2,3
2025-08-28T12:22:50.941992,10,1804289383,-104.75,0.8167,0.2817,6,6
2025-08-28T12:22:50.941992,10,846930886,-44.03,0.5084,0.1481,21,24
2025-08-28T12:22:50.941992,10,1681692777,-27.66,0.7266,0.0598,18,3
2025-08-28T12:22:50.941992,10,1714636915,-40.52,0.6506,0.2805,14,5
2025-08-28T12:22:50.943091,89,1804289383,-91.57,0.2986,0.9691,11,18
2025-08-28T12:22:50.943091,89,846930886,-118.94,0.4557,0.5129,17,16
2025-08-28T12:22:50.943091,89,1681692777,-118.04,0.8273,0.6757,12,26
2025-08-28T12:22:50.943091,89,1714636915,-44.86,0.5281,0.0699,5,22
2025-08-28T12:22:50.944142,43,1804289383,-90.88,0.4611,0.0486,9,22
2025-08-28T12:22:50.944142,43,846930886,-26.57,0.5716,0.6682,16,9
2025-08-28T12:22:50.944142,43,1681692777,-77.35,0.2330,0.1544,15,24
2025-08-28T12:22:50.944142,43,1714636915,-72.75,0.8822,0.1077,18,4
2025-08-28T12:22:50.945368,63,1804289383,-97.84,0.9518,0.9945,20,9
2025-08-28T12:22:50.945368,63,846930886,-27.61,0.2915,0.6950,8,6
2025-08-28T12:22:50.945368,63,1681692777,-73.58,0.3850,0.4654,25,27
2025-08-28T12:22:50.945368,63,1714636915,-110.10,0.0358,0.9266,2,19
2025-08-28T12:22:51.436885,55,1804289383,-27.33,0.3756,0.4954,5,8
2025-08-28T12:22:51.436885,55,846930886,-54.62,0.0345,0.3100,0,9
2025-08-28T12:22:51.436885,55,1681692777,-36.87,0.6056,0.0039,25,19
2025-08-28T12:22:51.436885,55,1714636915,-74.97,0.1228,0.2443,2,14
2025-08-28T12:22:51.438955,37,1804289383,-110.62,0.0049,0.8815,6,5
2025-08-28T12:22:51.438955,37,846930886,-106.15,0.0203,0.2686,4,22
2025-08-28T12:22:51.438955,37,1681692777,-67.28,0.5141,0.5845,18,20
2025-08-28T12:22:51.438955,37,1714636915,-58.41,0.5617,0.6615,2,2
2025-08-28T12:22:51.440063,82,1804289383,-42.92,0.5749,0.1026,16,5
2025-08-28T12:22:51.440063,82,846930886,-43.51,0.0151,0.5517,11,12
2025-08-28T12:22:51.440063,82,1681692777,-71.92,0.7699,0.3139,21,3
2025-08-28T12:22:51.440063,82,1714636915,-83.02,0.5012,0.2080,6,25
2025-08-28T12:22:51.441501,52,1804289383,-96.45,0.1749,0.3357,6,2
2025-08-28T12:22:51.441501,52,846930886,-73.15,0.8970,0.7529,19,17
2025-08-28T12:22:51.441501,52,1681692777,-45.48,0.0434,0.2708,1,8
2025-08-28T12:22:51.441501,52,1714636915,-93.89,0.7602,0.6965,26,4
2025-08-28T12:22:51.442762,48,1804289383,-22.96,0.5065,0.5644,15,6
2025-08-28T12:22:51.442762,48,846930886,-54.41,0.1784,0.1075,4,17
2025-08-28T12:22:51.442762,48,1681692777,-97.31,0.8308,0.3226,21,3
2025-08-28T12:22:51.442762,48,1714636915,-51.15,0.1238,0.7206,7,15
2025-08-28T12:22:51.444002,37,1804289383,-32.33,0.5629,0.4402,1,20
2025-08-28T12:22:51.444002,37,846930886,-80.70,0.5733,0.3201,2,0
2025-08-28T12:22:51.444002,37,1681692777,-87.85,0.8994,0.2212,2,13
2025-08-28T12:22:51.444002,37,1714636915,-25.73,0.5000,0.7447,0,25
2025-08-28T12:22:51.445287,4,1804289383,-45.88,0.8095,0.9630,3,23
2025-08-28T12:22:51.445287,4,846930886,-82.11,0.4618,0.7181,27,13
2025-08-28T12:22:51.445287,4,1681692777,-87.32,0.9417,0.5970,25,24
2025-08-28T12:22:51.445287,4,1714636915,-100.97,0.9001,0.3209,17,27
2025-08-28T12:22:51.937575,70,1804289383,-47.31,0.7782,0.9935,21,27
2025-08-28T12:22:51.937575,70,846930886,-21.96,0.4716,0.0077,6,1
2025-08-28T12:22:51.937575,70,1681692777,-67.76,0.7899,0.1706,3,9
2025-08-28T12:22:51.937575,70,1714636915,-56.37,0.9843,0.5375,0,23
2025-08-28T12:22:51.940468,14,1804289383,-62.12,0.7380,0.3144,13,26
2025-08-28T12:22:51.940468,14,846930886,-42.86,0.8997,0.7257,13,26
2025-08-28T12:22:51.940468,14,1681692777,-65.77,0.5495,0.5653,16,11
2025-08-28T12:22:51.940468,14,1714636915,-116.09,0.0139,0.6222,14,6
2025-08-28T12:22:51.941875,33,1804289383,-55.15,0.3922,0.9259,9,22
2025-08-28T12:22:51.941875,33,846930886,-114.88,0.1860,0.2859,11,10
2025-08-28T12:22:51.941875,33,1681692777,-75.73,0.7892,0.4880,8,20
2025-08-28T12:22:51.941875,33,1714636915,-72.62,0.3424,0.0503,25,2
2025-08-28T12:22:51.943243,82,1804289383,-56.22,0.4793,0.4080,21,20
2025-08-28T12:22:51.943243,82,846930886,-55.66,0.2600,0.5772,25,21
2025-08-28T12:22:51.943243,82,1681692777,-114.53,0.0356,0.5893,27,10
2025-08-28T12:22:51.943243,82,1714636915,-64.93,0.2407,0.9711,1,25
2025-08-28T12:22:51.944322,11,1804289383,-53.55,0.9022,0.2776,0,19
2025-08-28T12:22:51.944322,11,846930886,-66.60,0.7148,0.0785,9,2
2025-08-28T12:22:51.944322,11,1681692777,-46.04,0.0133,0.9884,15,26
2025-08-28T12:22:51.944322,11,1714636915,-114.64,0.9996,0.1286,18,8
2025-08-28T12:22:51.945516,38,1804289383,-42.56,0.2524,0.5895,15,12
2025-08-28T12:22:51.945516,38,846930886,-95.56,0.7454,0.3026,1,27
2025-08-28T12:22:51.945516,38,1681692777,-89.30,0.1466,0.8580,5,12
2025-08-28T12:22:51.945516,38,1714636915,-118.80,0.0218,0.8298,20,10
2025-08-28T12:22:51.946940,89,1804289383,-62.33,0.5906,0.6711,8,4
2025-08-28T12:22:51.946940,89,846930886,-86.61,0.7053,0.0544,12,2
2025-08-28T12:22:51.946940,89,1681692777,-28.20,0.5863,0.8297,11,3
2025-08-28T12:22:51.946940,89,1714636915,-29.57,0.6634,0.6408,24,10
2025-08-28T12:22:52.438127,79,1804289383,-39.77,0.1017,0.5904,2,24
2025-08-28T12:22:52.438127,79,846930886,-98.56,0.6320,0.5916,10,18
2025-08-28T12:22:52.438127,79,1681692777,-100.63,0.8050,0.2347,6,9
2025-08-28T12:22:52.438127,79,1714636915,-96.07,0.8990,0.8602,25,16
2025-08-28T12:22:52.440162,80,1804289383,-103.62,0.9689,0.9218,19,18
2025-08-28T12:22:52.440162,80,846930886,-37.10,0.8046,0.5332,27,22
2025-08-28T12:22:52.440162,80,1681692777,-81.36,0.9307,0.6783,18,21
2025-08-28T12:22:52.440162,80,1714636915,-69.52,0.0184,0.1020,11,19
2025-08-28T12:22:52.441777,49,1804289383,-108.44,0.8166,0.9127,10,11
2025-08-28T12:22:52.441777,49,846930886,-24.91,0.9758,0.9614,11,4
2025-08-28T12:22:52.441777,49,1681692777,-24.92,0.9199,0.9015,0,20
2025-08-28T12:22:52.441777,49,1714636915,-88.43,0.7554,0.0819,27,11
2025-08-28T12:22:52.443181,6,1804289383,-44.32,0.5216,0.0524,17,25
2025-08-28T12:22:52.443181,6,846930886,-54.72,0.8589,0.3168,0,25
2025-08-28T12:22:52.443181,6,1681692777,-45.79,0.4694,0.4906,3,7
2025-08-28T12:22:52.443181,6,1714636915,-94.68,0.7180,0.1529,20,1
2025-08-28T12:22:52.444716,77,1804289383,-47.82,0.5991,0.8907,26,7
2025-08-28T12:22:52.444716,77,846930886,-71.06,0.8037,0.4016,19,23
2025-08-28T12:22:52.444716,77,1681692777,-79.51,0.0110,0.5221,15,13
2025-08-28T12:22:52.444716,77,1714636915,-95.43,0.2638,0.1398,13,18
2025-08-28T12:22:52.446380,33,1804289383,-29.34,0.3322,0.5085,16,1
2025-08-28T12:22:52.446380,33,846930886,-27.59,0.0595,0.8877,27,7
2025-08-28T12:22:52.446380,33,1681692777,-41.74,0.5232,0.8901,25,26
2025-08-28T12:22:52.446380,33,1714636915,-117.43,0.5863,0.0106,27,20
2025-08-28T12:22:52.447819,39,1804289383,-34.03,0.5781,0.0635,13,21
2025-08-28T12:22:52.447819,39,846930886,-103.11,0.9995,0.4166,8,18
2025-08-28T12:22:52.447819,39,1681692777,-116.18,0.5012,0.2744,27,13
2025-08-28T12:22:52.447819,39,1714636915,-77.50,0.0977,0.0235,2,6
2025-08-28T12:22:52.938717,63,1804289383,-64.27,0.9873,0.8669,19,2
2025-08-28T12:22:52.938717,63,846930886,-69.08,0.5679,0.5492,0,17
2025-08-28T12:22:52.938717,63,1681692777,-75.45,0.0873,0.2901,14,1
2025-08-28T12:22:52.938717,63,1714636915,-41.37,0.4450,0.6748,24,23
2025-08-28T12:22:52.940468,47,1804289383,-77.68,0.4853,0.8447,21,5
2025-08-28T12:22:52.940468,47,846930886,-116.05,0.4467,0.4112,8,24
2025-08-28T12:22:52.940468,47,1681692777,-28.33,0.0268,0.3979,3,16
2025-08-28T12:22:52.940468,47,1714636915,-83.97,0.4846,0.0995,1,23
2025-08-28T12:22:52.941658,6,1804289383,-49.42,0.0013,0.1308,22,25
2025-08-28T12:22:52.941658,6,846930886,-41.32,0.3805,0.4050,12,1
2025-08-28T12:22:52.941658,6,1681692777,-108.42,0.2721,0.0316,18,17
2025-08-28T12:22:52.941658,6,1714636915,-118.64,0.5624,0.6696,9,21
2025-08-28T12:22:52.942681,31,1804289383,-60.94,0.4912,0.9458,23,1
2025-08-28T12:22:52.942681,31,846930886,-105.84,0.6901,0.7026,22,11
2025-08-28T12:22:52.942681,31,1681692777,-34.40,0.1429,0.5062,2,25
2025-08-28T12:22:52.942681,31,1714636915,-33.11,0.2365,0.1667,1,13
2025-08-28T12:22:52.943674,11,1804289383,-80.06,0.4551,0.9750,14,2
2025-08-28T12:22:52.943674,11,846930886,-56.92,0.0690,0.4427,26,11
2025-08-28T12:22:52.943674,11,1681692777,-112.63,0.1220,0.0438,13,26
2025-08-28T12:22:52.943674,11,1714636915,-58.42,0.7638,0.1670,25,4
2025-08-28T12:22:52.944696,85,1804289383,-67.95,0.6455,0.1732,11,5
2025-08-28T12:22:52.944696,85,846930886,-36.68,0.6872,0.5965,17,2
2025-08-28T12:22:52.944696,85,1681692777,-106.30,0.2883,0.5214,17,16
2025-08-28T12:22:52.944696,85,1714636915,-51.04,0.2060,0.1602,24,19
2025-08-28T12:22:52.946071,61,1804289383,-92.41,0.3479,0.7170,20,26
2025-08-28T12:22:52.946071,61,846930886,-57.99,0.4429,0.4379,12,22
2025-08-28T12:22:52.946071,61,1681692777,-48.28,0.2655,0.9333,4,17
2025-08-28T12:22:52.946071,61,1714636915,-102.38,0.4043,0.5896,23,17
2025-08-28T12:22:53.439414,85,1804289383,-101.80,0.4721,0.4642,26,8
2025-08-28T12:22:53.439414,85,846930886,-22.58,0.3423,0.2205,12,11
2025-08-28T12:22:53.439414,85,1681692777,-89.20,0.3221,0.7026,14,2
2025-08-28T12:22:53.439414,85,1714636915,-39.64,0.7509,0.5821,2,25
2025-08-28T12:22:53.441450,64,1804289383,-113.78,0.4443,0.4960,4,16
2025-08-28T12:22:53.441450,64,846930886,-34.90,0.6519,0.9635,12,7
2025-08-28T12:22:53.441450,64,1681692777,-59.00,0.3231,0.4432,14,27
2025-08-28T12:22:53.441450,64,1714636915,-111.24,0.9523,0.0745,10,19
2025-08-28T12:22:53.443446,11,1804289383,-64.62,0.6405,0.4145,16,6
2025-08-28T12:22:53.443446,11,846930886,-52.36,0.1359,0.6276,23,3
2025-08-28T12:22:53.443446,11,1681692777,-44.10,0.1208,0.4107,10,18
2025-08-28T12:22:53.443446,11,1714636915,-103.80,0.4108,0.8716,26,26
2025-08-28T12:22:53.444609,81,1804289383,-86.09,0.8331,0.9097,4,16
2025-08-28T12:22:53.444609,81,846930886,-40.01,0.4135,0.0340,11,1
2025-08-28T12:22:53.444609,81,1681692777,-20.25,0.4405,0.9345,8,17
2025-08-28T12:22:53.444609,81,1714636915,-42.37,0.1333,0.8921,2,22
2025-08-28T12:22:53.445928,19,1804289383,-39.49,0.4587,0.3478,10,4
2025-08-28T12:22:53.445928,19,846930886,-105.15,0.6767,0.9316,15,5
2025-08-28T12:22:53.445928,19,1681692777,-44.43,0.9816,0.8861,8,17
2025-08-28T12:22:53.445928,19,1714636915,-65.20,0.1692,0.9621,4,24
2025-08-28T12:22:53.447164,36,1804289383,-94.70,0.6237,0.4032,5,16
2025-08-28T12:22:53.447164,36,846930886,-61.54,0.1451,0.4998,26,2
2025-08-28T12:22:53.447164,36,1681692777,-99.81,0.0432,0.0818,5,16
2025-08-28T12:22:53.447164,36,1714636915,-21.10,0.8786,0.7444,1,14
2025-08-28T12:22:53.448390,78,1804289383,-30.13,0.7412,0.9166,4,8
2025-08-28T12:22:53.448390,78,846930886,-42.50,0.8608,0.0373,3,3
2025-08-28T12:22:53.448390,78,1681692777,-92.11,0.3987,0.6699,0,24
2025-08-28T12:22:53.448390,78,1714636915,-40.90,0.4240,0.6220,0,1
2025-08-28T12:22:53.939830,20,1804289383,-55.30,0.2397,0.2207,13,0
2025-08-28T12:22:53.939830,20,846930886,-24.56,0.3914,0.0691,22,20
2025-08-28T12:22:53.939830,20,1681692777,-26.15,0.6955,0.4690,4,17
2025-08-28T12:22:53.939830,20,1714636915,-87.01,0.7993,0.2222,14,6
2025-08-28T12:22:53.941527,81,1804289383,-34.92,0.7358,0.5269,7,12
2025-08-28T12:22:53.941527,81,846930886,-109.12,0.4728,0.7332,26,0
2025-08-28T12:22:53.941527,81,1681692777,-98.56,0.3486,0.7122,22,13
2025-08-28T12:22:53.941527,81,1714636915,-43.41,0.6058,0.4979,26,14
2025-08-28T12:22:53.942768,77,1804289383,-55.37,0.6272,0.4761,9,0
2025-08-28T12:22:53.942768,77,846930886,-85.87,0.8685,0.5120,24,4
2025-08-28T12:22:53.942768,77,1681692777,-110.86,0.0770,0.6434,0,14
2025-08-28T12:22:53.942768,77,1714636915,-49.69,0.5642,0.7524,20,18
2025-08-28T12:22:53.943927,42,1804289383,-71.96,0.7680,0.5342,1,5
2025-08-28T12:22:53.943927,42,846930886,-90.18,0.9782,0.3455,18,10
2025-08-28T12:22:53.943927,42,1681692777,-74.67,0.9255,0.9919,5,21
2025-08-28T12:22:53.943927,42,1714636915,-59.15,0.3217,0.6196,11,4
2025-08-28T12:22:53.945038,9,1804289383,-49.52,0.0816,0.9516,27,12
2025-08-28T12:22:53.945038,9,846930886,-62.84,0.4572,0.3790,24,25
2025-08-28T12:22:53.945038,9,1681692777,-28.90,0.3396,0.3111,22,15
2025-08-28T12:22:53.945038,9,1714636915,-45.06,0.8893,0.2647,1,12
2025-08-28T12:22:53.946559,13,1804289383,-41.75,0.3970,0.5249,15,24
2025-08-28T12:22:53.946559,13,846930886,-91.51,0.4022,0.2728,22,23
2025-08-28T12:22:53.946559,13,1681692777,-53.70,0.3665,0.2140,17,8
2025-08-28T12:22:53.946559,13,1714636915,-89.86,0.1202,0.4214,10,8
2025-08-28T12:22:53.947840,83,1804289383,-63.98,0.2083,0.7631,20,26
2025-08-28T12:22:53.947840,83,846930886,-114.25,0.8249,0.4089,25,23
2025-08-28T12:22:53.947840,83,1681692777,-33.37,0.4545,0.4214,5,27
2025-08-28T12:22:53.947840,83,1714636915,-64.71,0.2685,0.3915,27,18
2025-08-28T12:22:53.949283,24,1804289383,-23.82,0.7448,0.0128,15,12
2025-08-28T12:22:53.949283,24,846930886,-116.98,0.3833,0.7761,1,12
2025-08-28T12:22:53.949283,24,1681692777,-22.28,0.2384,0.9985,3,27
2025-08-28T12:22:53.949283,24,1714636915,-49.16,0.8021,0.3068,12,5
2025-08-28T12:22:54.441077,49,1804289383,-91.84,0.1200,0.2569,13,11
2025-08-28T12:22:54.441077,49,846930886,-114.38,0.6731,0.9409,20,13
2025-08-28T12:22:54.441077,49,1681692777,-37.79,0.8011,0.0357,17,2
2025-08-28T12:22:54.441077,49,1714636915,-100.11,0.2054,0.0518,4,25
2025-08-28T12:22:54.448301,51,1804289383,-86.47,0.4393,0.4460,15,2
2025-08-28T12:22:54.448301,51,846930886,-25.33,0.6421,0.7987,6,27
2025-08-28T12:22:54.448301,51,1681692777,-95.68,0.0667,0.2895,26,23
2025-08-28T12:22:54.448301,51,1714636915,-32.89,0.9164,0.3955,27,12
2025-08-28T12:22:54.452624,83,1804289383,-25.21,0.9750,0.0780,3,9
2025-08-28T12:22:54.452624,83,846930886,-47.58,0.9997,0.3428,3,3
2025-08-28T12:22:54.452624,83,1681692777,-108.46,0.1635,0.9145,17,5
2025-08-28T12:22:54.452624,83,1714636915,-109.07,0.7575,0.0525,17,11
2025-08-28T12:22:54.454079,26,1804289383,-56.93,0.0796,0.2573,8,20
2025-08-28T12:22:54.454079,26,846930886,-108.70,0.0262,0.7656,26,13
2025-08-28T12:22:54.454079,26,1681692777,-81.43,0.0880,0.3600,7,14
2025-08-28T12:22:54.454079,26,1714636915,-83.24,0.3854,0.5746,15,5
2025-08-28T12:22:54.455248,75,1804289383,-41.51,0.7684,0.4702,22,21
2025-08-28T12:22:54.455248,75,846930886,-118.22,0.8374,0.0404,14,26
2025-08-28T12:22:54.455248,75,1681692777,-35.30,0.0975,0.1088,15,19
2025-08-28T12:22:54.455248,75,1714636915,-80.45,0.8732,0.7577,9,6
2025-08-28T12:22:54.456363,40,1804289383,-48.46,0.5152,0.5812,12,24
2025-08-28T12:22:54.456363,40,846930886,-37.96,0.2900,0.5262,13,21
2025-08-28T12:22:54.456363,40,1681692777,-35.78,0.5888,0.1150,3,18
2025-08-28T12:22:54.456363,40,1714636915,-83.94,0.6796,0.5602,9,11
2025-08-28T12:22:54.457691,87,1804289383,-74.99,0.6400,0.6236,0,20
2025-08-28T12:22:54.457691,87,846930886,-54.79,0.2077,0.3180,18,5
2025-08-28T12:22:54.457691,87,1681692777,-68.30,0.1673,0.9844,12,10
2025-08-28T12:22:54.457691,87,1714636915,-42.86,0.8071,0.8520,0,0
2025-08-28T12:22:54.458975,34,1804289383,-32.00,0.5669,0.7516,15,3
2025-08-28T12:22:54.458975,34,846930886,-23.77,0.4402,0.2702,21,3
2025-08-28T12:22:54.458975,34,1681692777,-102.17,0.6023,0.8404,18,7
2025-08-28T12:22:54.458975,34,1714636915,-21.07,0.3860,0.8429,10,15
2025-08-28T12:22:54.941010,99,1804289383,-71.76,0.7736,0.1615,19,25
2025-08-28T12:22:54.941010,99,846930886,-77.96,0.3344,0.4959,9,18
2025-08-28T12:22:54.941010,99,1681692777,-46.38,0.9873,0.9953,5,5
2025-08-28T12:22:54.941010,99,1714636915,-81.12,0.1764,0.1672,7,4
2025-08-28T12:22:54.942826,22,1804289383,-68.40,0.2336,0.0737,0,15
2025-08-28T12:22:54.942826,22,846930886,-95.10,0.3588,0.5600,19,14
2025-08-28T12:22:54.942826,22,1681692777,-100.11,0.0226,0.1648,8,22
2025-08-28T12:22:54.942826,22,1714636915,-64.63,0.5333,0.2431,9,15
2025-08-28T12:22:54.943973,7,1804289383,-76.20,0.7724,0.8354,27,16
2025-08-28T12:22:54.943973,7,846930886,-79.50,0.6052,0.5877,1,21
2025-08-28T12:22:54.943973,7,1681692777,-110.52,0.6385,0.5744,1,23
2025-08-28T12:22:54.943973,7,1714636915,-91.68,0.4537,0.7693,27,21
2025-08-28T12:22:54.945122,91,1804289383,-114.71,0.6217,0.6848,6,9
2025-08-28T12:22:54.945122,91,846930886,-20.48,0.2960,0.3088,15,15
2025-08-28T12:22:54.945122,91,1681692777,-91.21,0.7676,0.2307,12,6
2025-08-28T12:22:54.945122,91,1714636915,-55.26,0.8931,0.5542,8,3
2025-08-28T12:22:54.946540,65,1804289383,-70.48,0.9682,0.2280,12,27
2025-08-28T12:22:54.946540,65,846930886,-106.14,0.2645,0.2855,5,11
2025-08-28T12:22:54.946540,65,1681692777,-55.58,0.7603,0.4352,12,23
2025-08-28T12:22:54.946540,65,1714636915,-55.15,0.9403,0.8241,24,5
2025-08-28T12:22:54.947949,25,1804289383,-81.74,0.5662,0.9619,20,23
2025-08-28T12:22:54.947949,25,846930886,-95.12,0.9369,0.4562,2,9
2025-08-28T12:22:54.947949,25,1681692777,-96.27,0.2169,0.2979,17,20
2025-08-28T12:22:54.947949,25,1714636915,-108.19,0.5018,0.5048,26,1
2025-08-28T12:22:54.949448,24,1804289383,-80.63,0.6874,0.7404,19,8
2025-08-28T12:22:54.949448,24,846930886,-118.38,0.2179,0.9892,26,22
2025-08-28T12:22:54.949448,24,1681692777,-41.21,0.5825,0.8537,6,6
2025-08-28T12:22:54.949448,24,1714636915,-24.26,0.7248,0.8473,12,6
2025-08-28T12:22:54.950666,77,1804289383,-80.64,0.0927,0.8267,21,26
2025-08-28T12:22:54.950666,77,846930886,-61.92,0.8985,0.1903,8,27
2025-08-28T12:22:54.950666,77,1681692777,-73.75,0.2682,0.7350,12,11
2025-08-28T12:22:54.950666,77,1714636915,-76.81,0.6803,0.5980,7,19
2025-08-28T12:22:55.441760,91,1804289383,-79.44,0.4258,0.7913,8,25
2025-08-28T12:22:55.441760,91,846930886,-88.92,0.2529,0.0919,23,25
2025-08-28T12:22:55.441760,91,1681692777,-54.02,0.4034,0.6691,4,10
2025-08-28T12:22:55.441760,91,1714636915,-62.15,0.5583,0.6660,9,11
2025-08-28T12:22:55.445193,65,1804289383,-74.45,0.2880,0.1972,24,24
2025-08-28T12:22:55.445193,65,846930886,-75.03,0.0536,0.1356,24,21
2025-08-28T12:22:55.445193,65,1681692777,-64.45,0.8755,0.8481,25,7
2025-08-28T12:22:55.445193,65,1714636915,-52.50,0.8084,0.1018,9,8
2025-08-28T12:22:55.448053,69,1804289383,-64.59,0.3198,0.0278,27,6
2025-08-28T12:22:55.448053,69,846930886,-106.09,0.2200,0.8959,8,13
2025-08-28T12:22:55.448053,69,1681692777,-100.19,0.4270,0.1519,20,27
2025-08-28T12:22:55.448053,69,1714636915,-72.10,0.2516,0.2663,6,20
2025-08-28T12:22:55.449275,35,1804289383,-83.56,0.1567,0.9718,24,19
2025-08-28T12:22:55.449275,35,846930886,-76.91,0.4663,0.1958,21,5
2025-08-28T12:22:55.449275,35,1681692777,-37.17,0.7507,0.8621,2,2
2025-08-28T12:22:55.449275,35,1714636915,-61.27,0.0483,0.9640,6,17
2025-08-28T12:22:55.450371,19,1804289383,-105.49,0.1549,0.9047,24,17
2025-08-28T12:22:55.450371,19,846930886,-73.52,0.4114,0.6633,9,27
2025-08-28T12:22:55.450371,19,1681692777,-81.78,0.6215,0.7994,21,2
2025-08-28T12:22:55.450371,19,1714636915,-118.95,0.8485,0.3382,19,8
2025-08-28T12:22:55.451468,71,1804289383,-37.07,0.5448,0.4407,16,13
2025-08-28T12:22:55.451468,71,846930886,-70.79,0.7933,0.5804,25,27
2025-08-28T12:22:55.451468,71,1681692777,-46.02,0.6471,0.4045,13,22
2025-08-28T12:22:55.451468,71,1714636915,-117.44,0.1511,0.4946,27,7
2025-08-28T12:22:55.452506,56,1804289383,-41.06,0.7782,0.8947,25,5
2025-08-28T12:22:55.452506,56,846930886,-77.41,0.1276,0.3683,4,26
2025-08-28T12:22:55.452506,56,1681692777,-24.12,0.9707,0.1807,23,27
2025-08-28T12:22:55.452506,56,1714636915,-103.80,0.7521,0.5441,8,21
2025-08-28T12:22:55.453502,17,1804289383,-55.96,0.6565,0.8786,18,12
2025-08-28T12:22:55.453502,17,846930886,-119.14,0.1350,0.2430,17,7
2025-08-28T12:22:55.453502,17,1681692777,-52.05,0.7868,0.5421,15,27
2025-08-28T12:22:55.453502,17,1714636915,-48.89,0.8071,0.5129,11,10
2025-08-28T12:22:55.942249,55,1804289383,-55.44,0.7279,0.6011,9,23
2025-08-28T12:22:55.942249,55,846930886,-59.48,0.1897,0.5597,8,16
2025-08-28T12:22:55.942249,55,1681692777,-119.09,0.2617,0.2072,18,14
2025-08-28T12:22:55.942249,55,1714636915,-95.44,0.1441,0.7220,17,2
2025-08-28T12:22:55.945445,69,1804289383,-102.31,0.3336,0.2916,10,21
2025-08-28T12:22:55.945445,69,846930886,-55.42,0.6898,0.3299,20,0
2025-08-28T12:22:55.945445,69,1681692777,-54.27,0.3737,0.9332,24,12
2025-08-28T12:22:55.945445,69,1714636915,-30.84,0.8470,0.3310,2,9
2025-08-28T12:22:55.949451,72,1804289383,-56.78,0.3828,0.7088,19,27
2025-08-28T12:22:55.949451,72,846930886,-55.56,0.3542,0.8654,13,1
2025-08-28T12:22:55.949451,72,1681692777,-112.54,0.9780,0.2578,6,4
2025-08-28T12:22:55.949451,72,1714636915,-119.77,0.7644,0.9267,3,7
2025-08-28T12:22:55.950764,15,1804289383,-105.27,0.0297,0.5957,4,7
2025-08-28T12:22:55.950764,15,846930886,-58.18,0.4783,0.2077,3,1
2025-08-28T12:22:55.950764,15,1681692777,-20.69,0.0010,0.8869,16,14
2025-08-28T12:22:55.950764,15,1714636915,-81.58,0.3473,0.4861,10,14
2025-08-28T12:22:55.951816,31,1804289383,-24.10,0.5713,0.4584,25,25
2025-08-28T12:22:55.951816,31,846930886,-88.07,0.8857,0.9301,12,11
2025-08-28T12:22:55.951816,31,1681692777,-74.67,0.3490,0.4198,24,17
2025-08-28T12:22:55.951816,31,1714636915,-71.94,0.9316,0.8729,26,12
2025-08-28T12:22:55.952834,60,1804289383,-109.77,0.9966,0.2269,27,27
2025-08-28T12:22:55.952834,60,846930886,-31.22,0.5884,0.1206,24,6
2025-08-28T12:22:55.952834,60,1681692777,-75.82,0.4591,0.4306,24,19
2025-08-28T12:22:55.952834,60,1714636915,-22.72,0.3275,0.3170,21,10
2025-08-28T12:22:55.953996,66,1804289383,-21.31,0.5714,0.0763,4,17
2025-08-28T12:22:55.953996,66,846930886,-108.23,0.8598,0.9145,27,6
2025-08-28T12:22:55.953996,66,1681692777,-70.16,0.1143,0.3205,0,13
2025-08-28T12:22:55.953996,66,1714636915,-41.74,0.0868,0.9712,15,1
2025-08-28T12:22:55.955452,56,1804289383,-57.13,0.4896,0.8958,13,2
2025-08-28T12:22:55.955452,56,846930886,-82.50,0.9457,0.1158,22,12
2025-08-28T12:22:55.955452,56,1681692777,-77.55,0.9464,0.6450,16,7
2025-08-28T12:22:55.955452,56,1714636915,-42.94,0.2843,0.2947,1,20
2025-08-28T12:22:56.442773,52,1804289383,-46.45,0.6984,0.1891,12,26
2025-08-28T12:22:56.442773,52,846930886,-86.51,0.7068,0.3758,15,7
2025-08-28T12:22:56.442773,52,1681692777,-95.38,0.8244,0.0566,9,23
2025-08-28T12:22:56.442773,52,1714636915,-54.51,0.1919,0.0833,27,22
2025-08-28T12:22:56.444649,28,1804289383,-21.84,0.4055,0.9453,19,25
2025-08-28T12:22:56.444649,28,846930886,-59.24,0.2763,0.8291,10,21
2025-08-28T12:22:56.444649,28,1681692777,-75.05,0.3060,0.1563,9,10
2025-08-28T12:22:56.444649,28,1714636915,-43.30,0.1562,0.2751,13,3
2025-08-28T12:22:56.445913,90,1804289383,-64.10,0.3736,0.1389,2,12
2025-08-28T12:22:56.445913,90,846930886,-110.87,0.6422,0.3084,13,8
2025-08-28T12:22:56.445913,90,1681692777,-30.87,0.4968,0.1084,15,4
2025-08-28T12:22:56.445913,90,1714636915,-25.44,0.1676,0.3843,7,18
2025-08-28T12:22:56.447246,41,1804289383,-104.92,0.2910,0.5477,2,0
2025-08-28T12:22:56.447246,41,846930886,-117.91,0.4259,0.4903,17,25
2025-08-28T12:22:56.447246,41,1681692777,-55.93,0.3945,0.4574,18,10
2025-08-28T12:22:56.447246,41,1714636915,-32.06,0.2829,0.3564,25,16
2025-08-28T12:22:56.448461,66,1804289383,-26.86,0.5544,0.1573,9,25
2025-08-28T12:22:56.448461,66,846930886,-74.03,0.3158,0.8380,17,21
2025-08-28T12:22:56.448461,66,1681692777,-95.95,0.7508,0.9618,9,4
2025-08-28T12:22:56.448461,66,1714636915,-51.33,0.6664,0.9643,18,1
2025-08-28T12:22:56.450040,74,1804289383,-107.09,0.4424,0.6867,22,7
2025-08-28T12:22:56.450040,74,846930886,-78.44,0.4855,0.1100,21,25
2025-08-28T12:22:56.450040,74,1681692777,-78.24,0.9699,0.9089,15,14
2025-08-28T12:22:56.450040,74,1714636915,-50.64,0.7333,0.7004,9,17
2025-08-28T12:22:56.451315,40,1804289383,-28.17,0.1091,0.0305,17,1
2025-08-28T12:22:56.451315,40,846930886,-51.81,0.8826,0.4615,12,21
2025-08-28T12:22:56.451315,40,1681692777,-52.82,0.1243,0.6153,9,10
2025-08-28T12:22:56.451315,40,1714636915,-119.96,0.1573,0.4648,13,18
2025-08-28T12:22:56.452373,34,1804289383,-36.73,0.8177,0.3685,1,4
2025-08-28T12:22:56.452373,34,846930886,-95.08,0.5331,0.7452,14,1
2025-08-28T12:22:56.452373,34,1681692777,-109.21,0.3583,0.3536,0,27
2025-08-28T12:22:56.452373,34,1714636915,-46.76,0.9904,0.5946,0,8
2025-08-28T12:22:56.944296,63,1804289383,-98.85,0.5343,0.8091,25,2
2025-08-28T12:22:56.944296,63,846930886,-32.47,0.6763,0.1196,6,26
2025-08-28T12:22:56.944296,63,1681692777,-27.74,0.6930,0.9958,15,7
2025-08-28T12:22:56.944296,63,1714636915,-85.32,0.4556,0.4898,14,20
2025-08-28T12:22:56.949007,30,1804289383,-36.17,0.1323,0.7871,11,1
2025-08-28T12:22:56.949007,30,846930886,-50.34,0.4330,0.9152,15,16
2025-08-28T12:22:56.949007,30,1681692777,-21.66,0.2309,0.3794,25,25
2025-08-28T12:22:56.949007,30,1714636915,-97.90,0.6597,0.4696,6,5
2025-08-28T12:22:56.950244,75,1804289383,-54.14,0.2827,0.4821,16,21
2025-08-28T12:22:56.950244,75,846930886,-48.36,0.1484,0.7272,16,13
2025-08-28T12:22:56.950244,75,1681692777,-92.93,0.8487,0.6148,27,26
2025-08-28T12:22:56.950244,75,1714636915,-111.10,0.7037,0.9467,23,13
2025-08-28T12:22:56.951556,54,1804289383,-53.01,0.6533,0.7020,3,25
2025-08-28T12:22:56.951556,54,846930886,-55.13,0.1395,0.2200,16,2
2025-08-28T12:22:56.951556,54,1681692777,-40.73,0.9315,0.1811,12,25
2025-08-28T12:22:56.951556,54,1714636915,-36.48,0.9411,0.0390,19,18
2025-08-28T12:22:56.952687,88,1804289383,-48.45,0.3835,0.7421,14,15
2025-08-28T12:22:56.952687,88,846930886,-48.03,0.6622,0.8648,27,16
2025-08-28T12:22:56.952687,88,1681692777,-34.55,0.3730,0.0829,16,5
2025-08-28T12:22:56.952687,88,1714636915,-110.66,0.9940,0.5921,20,13
2025-08-28T12:22:56.953749,33,1804289383,-86.33,0.8741,0.5188,10,24
2025-08-28T12:22:56.953749,33,846930886,-97.14,0.3757,0.8280,26,0
2025-08-28T12:22:56.953749,33,1681692777,-97.25,0.6122,0.5893,15,17
2025-08-28T12:22:56.953749,33,1714636915,-44.52,0.8897,0.2528,2,25
2025-08-28T12:22:56.954966,91,1804289383,-70.02,0.3535,0.2920,16,22
2025-08-28T12:22:56.954966,91,846930886,-22.09,0.0919,0.8916,10,26
2025-08-28T12:22:56.954966,91,1681692777,-94.68,0.8532,0.3369,4,11
2025-08-28T12:22:56.954966,91,1714636915,-117.46,0.6289,0.6741,2,11
2025-08-28T12:22:56.955943,9,1804289383,-117.44,0.0653,0.4135,20,2
2025-08-28T12:22:56.955943,9,846930886,-62.61,0.2784,0.8551,16,5
2025-08-28T12:22:56.955943,9,1681692777,-71.73,0.9274,0.0080,15,12
2025-08-28T12:22:56.955943,9,1714636915,-92.68,0.5746,0.6172,9,18
2025-08-28T12:22:56.956870,46,1804289383,-22.77,0.7295,0.7868,19,7
2025-08-28T12:22:56.956870,46,846930886,-30.83,0.6464,0.5517,4,11
2025-08-28T12:22:56.956870,46,1681692777,-98.50,0.9570,0.2460,17,19
2025-08-28T12:22:56.956870,46,1714636915,-107.69,0.4934,0.9125,14,27
2025-08-28T12:22:57.445995,76,1804289383,-42.40,0.2173,0.3781,17,16
2025-08-28T12:22:57.445995,76,846930886,-85.47,0.3932,0.7845,4,4
2025-08-28T12:22:57.445995,76,1681692777,-31.68,0.0748,0.7136,9,10
2025-08-28T12:22:57.445995,76,1714636915,-117.89,0.5296,0.1529,19,19
2025-08-28T12:22:57.450444,60,1804289383,-116.45,0.6080,0.5572,11,10
2025-08-28T12:22:57.450444,60,846930886,-94.01,0.9480,0.2803,9,25
2025-08-28T12:22:57.450444,60,1681692777,-109.33,0.4772,0.2214,18,23
2025-08-28T12:22:57.450444,60,1714636915,-68.05,0.4999,0.7731,4,18
2025-08-28T12:22:57.452056,77,1804289383,-100.46,0.1403,0.5672,17,15
2025-08-28T12:22:57.452056,77,846930886,-74.13,0.3483,0.2908,14,19
2025-08-28T12:22:57.452056,77,1681692777,-89.56,0.0667,0.2478,9,21
2025-08-28T12:22:57.452056,77,1714636915,-64.17,0.2523,0.5041,11,25
2025-08-28T12:22:57.453538,17,1804289383,-117.59,0.3172,0.9415,0,27
2025-08-28T12:22:57.453538,17,846930886,-33.19,0.7973,0.0107,8,11
2025-08-28T12:22:57.453538,17,1681692777,-39.95,0.0085,0.0484,11,7
2025-08-28T12:22:57.453538,17,1714636915,-59.61,0.1488,0.5689,19,23
2025-08-28T12:22:57.455082,87,1804289383,-30.56,0.0872,0.1422,7,5
2025-08-28T12:22:57.455082,87,846930886,-70.97,0.3985,0.9438,15,0
2025-08-28T12:22:57.455082,87,1681692777,-119.65,0.8074,0.1749,6,26
2025-08-28T12:22:57.455082,87,1714636915,-71.56,0.8008,0.3094,16,6
2025-08-28T12:22:57.458897,8,1804289383,-42.90,0.3305,0.7149,16,21
2025-08-28T12:22:57.458897,8,846930886,-49.69,0.3400,0.0795,14,27
2025-08-28T12:22:57.458897,8,1681692777,-55.56,0.7903,0.3200,1,6
2025-08-28T12:22:57.458897,8,1714636915,-99.52,0.0430,0.1196,10,23
2025-08-28T12:22:57.460114,68,1804289383,-88.91,0.4512,0.1024,18,9
2025-08-28T12:22:57.460114,68,846930886,-101.48,0.6204,0.5518,2,24
2025-08-28T12:22:57.460114,68,1681692777,-38.43,0.5156,0.2498,7,7
2025-08-28T12:22:57.460114,68,1714636915,-38.33,0.1557,0.0708,20,4
2025-08-28T12:22:57.461138,20,1804289383,-41.72,0.6535,0.4652,11,16
2025-08-28T12:22:57.461138,20,846930886,-41.55,0.9023,0.5729,17,1
2025-08-28T12:22:57.461138,20,1681692777,-30.40,0.2357,0.1036,9,23
2025-08-28T12:22:57.461138,20,1714636915,-100.81,0.5164,0.8549,1,9
2025-08-28T12:22:57.462196,51,1804289383,-50.12,0.3010,0.7153,11,15
2025-08-28T12:22:57.462196,51,846930886,-99.55,0.7696,0.2311,8,24
2025-08-28T12:22:57.462196,51,1681692777,-57.91,0.8580,0.0557,9,2
2025-08-28T12:22:57.462196,51,1714636915,-85.16,0.5232,0.7989,19,11
2025-08-28T12:22:57.944795,7,1804289383,-31.29,0.6281,0.2801,17,1
2025-08-28T12:22:57.944795,7,846930886,-35.23,0.7420,0.8268,4,1
2025-08-28T12:22:57.944795,7,1681692777,-96.68,0.1487,0.3569,2,25
2025-08-28T12:22:57.944795,7,1714636915,-76.76,0.0028,0.7943,12,9
2025-08-28T12:22:57.948909,32,1804289383,-68.35,0.6489,0.2533,13,2
2025-08-28T12:22:57.948909,32,846930886,-89.91,0.3154,0.5612,17,14
2025-08-28T12:22:57.948909,32,1681692777,-116.77,0.9290,0.9796,0,16
2025-08-28T12:22:57.948909,32,1714636915,-57.62,0.7744,0.3907,11,7
2025-08-28T12:22:57.950369,90,1804289383,-86.43,0.7729,0.1582,17,23
2025-08-28T12:22:57.950369,90,846930886,-44.57,0.1300,0.4333,2,21
2025-08-28T12:22:57.950369,90,1681692777,-95.97,0.4032,0.0157,3,17
2025-08-28T12:22:57.950369,90,1714636915,-110.69,0.5557,0.1772,8,27
2025-08-28T12:22:57.953516,4,1804289383,-61.40,0.2348,0.3547,24,17
2025-08-28T12:22:57.953516,4,846930886,-65.49,0.9767,0.6347,15,4
2025-08-28T12:22:57.953516,4,1681692777,-45.71,0.3180,0.0599,10,14
2025-08-28T12:22:57.953516,4,1714636915,-22.48,0.8729,0.7522,18,22
2025-08-28T12:22:57.954686,2,1804289383,-20.56,0.6511,0.7162,7,13
2025-08-28T12:22:57.954686,2,846930886,-67.29,0.1716,0.5364,25,4
2025-08-28T12:22:57.954686,2,1681692777,-105.54,0.7620,0.8487,12,26
2025-08-28T12:22:57.954686,2,1714636915,-67.71,0.1213,0.4076,13,0
2025-08-28T12:22:57.955749,42,1804289383,-104.01,0.0829,0.5577,19,12
2025-08-28T12:22:57.955749,42,846930886,-113.40,0.9121,0.2790,21,22
2025-08-28T12:22:57.955749,42,1681692777,-54.82,0.7171,0.1044,11,12
2025-08-28T12:22:57.955749,42,1714636915,-29.66,0.8233,0.6968,14,13
2025-08-28T12:22:57.956751,17,1804289383,-76.17,0.1660,0.4000,17,5
2025-08-28T12:22:57.956751,17,846930886,-65.56,0.8459,0.6668,10,15
2025-08-28T12:22:57.956751,17,1681692777,-53.23,0.6273,0.2184,14,2
2025-08-28T12:22:57.956751,17,1714636915,-48.50,0.5798,0.2102,5,18
2025-08-28T12:22:57.957793,12,1804289383,-60.75,0.0723,0.5194,1,26
2025-08-28T12:22:57.957793,12,846930886,-54.00,0.2894,0.3520,0,8
2025-08-28T12:22:57.957793,12,1681692777,-74.44,0.8261,0.9448,9,9
2025-08-28T12:22:57.957793,12,1714636915,-118.94,0.3015,0.6368,3,19
2025-08-28T12:22:57.958873,46,1804289383,-63.10,0.1805,0.8122,7,0
2025-08-28T12:22:57.958873,46,846930886,-84.01,0.7792,0.5446,5,3
2025-08-28T12:22:57.958873,46,1681692777,-63.07,0.4322,0.1661,7,25
2025-08-28T12:22:57.958873,46,1714636915,-103.12,0.8587,0.2327,20,18
2025-08-28T12:22:58.445675,50,1804289383,-23.52,0.3483,0.7057,5,6
2025-08-28T12:22:58.445675,50,846930886,-23.07,0.6016,0.8251,3,10
2025-08-28T12:22:58.445675,50,1681692777,-116.80,0.1499,0.5584,5,20
2025-08-28T12:22:58.445675,50,1714636915,-88.97,0.8112,0.5241,20,13
2025-08-28T12:22:58.448395,2,1804289383,-57.69,0.6241,0.0702,27,25
2025-08-28T12:22:58.448395,2,846930886,-86.77,0.8558,0.3017,2,19
2025-08-28T12:22:58.448395,2,1681692777,-93.86,0.6806,0.8116,15,9
2025-08-28T12:22:58.448395,2,1714636915,-41.19,0.8630,0.3202,9,27
2025-08-28T12:22:58.450641,32,1804289383,-28.26,0.1675,0.8152,16,14
2025-08-28T12:22:58.450641,32,846930886,-111.56,0.4415,0.4282,13,21
2025-08-28T12:22:58.450641,32,1681692777,-40.62,0.7084,0.0125,8,13
2025-08-28T12:22:58.450641,32,1714636915,-92.64,0.6496,0.1430,26,5
2025-08-28T12:22:58.451701,33,1804289383,-75.06,0.5671,0.7011,6,22
2025-08-28T12:22:58.451701,33,846930886,-102.67,0.7696,0.1739,23,4
2025-08-28T12:22:58.451701,33,1681692777,-117.08,0.3408,0.3680,16,21
2025-08-28T12:22:58.451701,33,1714636915,-112.12,0.4707,0.8870,3,3
2025-08-28T12:22:58.452832,39,1804289383,-57.14,0.4255,0.8514,15,23
2025-08-28T12:22:58.452832,39,846930886,-94.35,0.7716,0.6404,0,22
2025-08-28T12:22:58.452832,39,1681692777,-115.59,0.8236,0.9123,8,22
2025-08-28T12:22:58.452832,39,1714636915,-55.03,0.8137,0.3832,20,4
2025-08-28T12:22:58.453912,15,1804289383,-75.07,0.7345,0.5242,3,15
2025-08-28T12:22:58.453912,15,846930886,-79.21,0.3363,0.8078,22,15
2025-08-28T12:22:58.453912,15,1681692777,-97.63,0.8334,0.2454,20,17
2025-08-28T12:22:58.453912,15,1714636915,-119.71,0.9953,0.8406,20,12
2025-08-28T12:22:58.455116,3,1804289383,-116.41,0.1188,0.4793,15,10
2025-08-28T12:22:58.455116,3,846930886,-54.05,0.4191,0.2450,23,1
2025-08-28T12:22:58.455116,3,1681692777,-51.51,0.3941,0.4384,0,16
2025-08-28T12:22:58.455116,3,1714636915,-35.88,0.0212,0.9309,8,27
2025-08-28T12:22:58.456181,88,1804289383,-32.53,0.6605,0.7496,3,15
2025-08-28T12:22:58.456181,88,846930886,-24.86,0.7153,0.4098,3,20
2025-08-28T12:22:58.456181,88,1681692777,-92.78,0.0703,0.6299,26,27
2025-08-28T12:22:58.456181,88,1714636915,-61.76,0.6914,0.9105,7,20
2025-08-28T12:22:58.457258,40,1804289383,-110.04,0.0440,0.8309,25,16
2025-08-28T12:22:58.457258,40,846930886,-93.28,0.0304,0.3185,22,24
2025-08-28T12:22:58.457258,40,1681692777,-33.22,0.9277,0.3061,26,0
2025-08-28T12:22:58.457258,40,1714636915,-119.76,0.5831,0.7444,19,0
2025-08-28T12:22:58.945847,99,1804289383,-46.18,0.3635,0.2530,3,23
2025-08-28T12:22:58.945847,99,846930886,-65.01,0.6486,0.8688,13,0
2025-08-28T12:22:58.945847,99,1681692777,-25.52,0.5939,0.6255,4,0
2025-08-28T12:22:58.945847,99,1714636915,-45.53,0.9753,0.3897,13,12
2025-08-28T12:22:58.947950,93,1804289383,-119.30,0.8377,0.2506,15,8
2025-08-28T12:22:58.947950,93,846930886,-63.26,0.7514,0.8911,6,9
2025-08-28T12:22:58.947950,93,1681692777,-49.80,0.9309,0.9851,18,8
2025-08-28T12:22:58.947950,93,1714636915,-72.06,0.3506,0.0860,24,20
2025-08-28T12:22:58.949772,3,1804289383,-105.56,0.7706,0.8761,9,7
2025-08-28T12:22:58.949772,3,846930886,-81.70,0.5341,0.9929,5,5
2025-08-28T12:22:58.949772,3,1681692777,-52.76,0.2208,0.1675,2,2
2025-08-28T12:22:58.949772,3,1714636915,-63.14,0.4238,0.0006,15,2
2025-08-28T12:22:58.950816,96,1804289383,-48.33,0.1411,0.6664,20,20
2025-08-28T12:22:58.950816,96,846930886,-103.79,0.8027,0.5499,15,12
2025-08-28T12:22:58.950816,96,1681692777,-43.25,0.9328,0.6100,6,7
2025-08-28T12:22:58.950816,96,1714636915,-35.56,0.3016,0.1739,25,14
2025-08-28T12:22:58.951832,24,1804289383,-102.54,0.3861,0.5115,9,14
2025-08-28T12:22:58.951832,24,846930886,-110.87,0.1752,0.9559,7,6
2025-08-28T12:22:58.951832,24,1681692777,-102.79,0.2323,0.8060,6,8
2025-08-28T12:22:58.951832,24,1714636915,-21.49,0.9748,0.8527,18,2
2025-08-28T12:22:58.953024,89,1804289383,-110.12,0.3188,0.2434,24,23
2025-08-28T12:22:58.953024,89,846930886,-43.65,0.2726,0.6246,20,18
2025-08-28T12:22:58.953024,89,1681692777,-33.57,0.1496,0.6233,20,7
2025-08-28T12:22:58.953024,89,1714636915,-55.01,0.0396,0.4928,3,4
2025-08-28T12:22:58.954525,83,1804289383,-101.49,0.9852,0.1204,11,0
2025-08-28T12:22:58.954525,83,846930886,-39.60,0.0378,0.7932,16,0
2025-08-28T12:22:58.954525,83,1681692777,-39.02,0.1228,0.7571,16,12
2025-08-28T12:22:58.954525,83,1714636915,-113.44,0.0824,0.5277,11,22
2025-08-28T12:22:58.955827,87,1804289383,-44.79,0.8175,0.0817,11,21
2025-08-28T12:22:58.955827,87,846930886,-89.96,0.2450,0.0261,19,22
2025-08-28T12:22:58.955827,87,1681692777,-110.66,0.2856,0.3136,23,16
2025-08-28T12:22:58.955827,87,1714636915,-98.72,0.1312,0.8870,6,0
2025-08-28T12:22:58.956960,33,1804289383,-96.13,0.4020,0.4078,7,17
2025-08-28T12:22:58.956960,33,846930886,-51.56,0.7663,0.7697,24,23
2025-08-28T12:22:58.956960,33,1681692777,-46.29,0.5019,0.0654,16,27
2025-08-28T12:22:58.956960,33,1714636915,-71.29,0.9820,0.9042,6,11
2025-08-28T12:22:59.446542,49,1804289383,-33.34,0.4888,0.9059,11,16
2025-08-28T12:22:59.446542,49,846930886,-51.79,0.7536,0.1104,2,24
2025-08-28T12:22:59.446542,49,1681692777,-51.52,0.0842,0.7594,9,1
2025-08-28T12:22:59.446542,49,1714636915,-26.61,0.4511,0.5580,0,24
2025-08-28T12:22:59.448415,33,1804289383,-67.17,0.6778,0.0650,2,24
2025-08-28T12:22:59.448415,33,846930886,-24.90,0.0863,0.8613,4,18
2025-08-28T12:22:59.448415,33,1681692777,-58.90,0.4512,0.9094,5,19
2025-08-28T12:22:59.448415,33,1714636915,-59.12,0.8291,0.3122,19,12
2025-08-28T12:22:59.449683,62,1804289383,-88.61,0.5002,0.2800,6,23
2025-08-28T12:22:59.449683,62,846930886,-76.27,0.2181,0.1740,2,9
2025-08-28T12:22:59.449683,62,1681692777,-38.66,0.9262,0.9366,20,5
2025-08-28T12:22:59.449683,62,1714636915,-54.41,0.5669,0.9342,17,14
2025-08-28T12:22:59.451744,48,1804289383,-84.12,0.7963,0.0724,9,23
2025-08-28T12:22:59.451744,48,846930886,-64.22,0.2930,0.4259,9,4
2025-08-28T12:22:59.451744,48,1681692777,-50.58,0.2357,0.7383,23,21
2025-08-28T12:22:59.451744,48,1714636915,-99.46,0.7806,0.0243,8,12
2025-08-28T12:22:59.452936,55,1804289383,-40.52,0.3192,0.9323,23,22
2025-08-28T12:22:59.452936,55,846930886,-57.89,0.1070,0.0995,9,0
2025-08-28T12:22:59.452936,55,1681692777,-20.68,0.4173,0.4384,22,24
2025-08-28T12:22:59.452936,55,1714636915,-56.45,0.2862,0.6132,21,5
2025-08-28T12:22:59.454234,89,1804289383,-116.59,0.6979,0.4734,11,5
2025-08-28T12:22:59.454234,89,846930886,-53.62,0.0584,0.1578,15,13
2025-08-28T12:22:59.454234,89,1681692777,-59.08,0.9830,0.3121,24,27
2025-08-28T12:22:59.454234,89,1714636915,-50.54,0.7162,0.5732,8,8
2025-08-28T12:22:59.455422,62,1804289383,-90.08,0.5205,0.2008,22,10
2025-08-28T12:22:59.455422,62,846930886,-75.35,0.9124,0.2337,21,12
2025-08-28T12:22:59.455422,62,1681692777,-106.11,0.1444,0.1649,13,11
2025-08-28T12:22:59.455422,62,1714636915,-111.74,0.1974,0.2546,11,8
2025-08-28T12:22:59.456496,18,1804289383,-66.06,0.8893,0.6783,3,26
2025-08-28T12:22:59.456496,18,846930886,-72.34,0.1126,0.6574,20,20
2025-08-28T12:22:59.456496,18,1681692777,-113.16,0.9972,0.5210,11,12
2025-08-28T12:22:59.456496,18,1714636915,-74.55,0.9808,0.8290,17,23
2025-08-28T12:22:59.457474,45,1804289383,-50.43,0.8373,0.0728,18,24
2025-08-28T12:22:59.457474,45,846930886,-35.27,0.9503,0.3387,5,7
2025-08-28T12:22:59.457474,45,1681692777,-25.62,0.7366,0.6976,11,15
2025-08-28T12:22:59.457474,45,1714636915,-63.13,0.0564,0.3568,1,11
2025-08-28T12:22:59.458498,15,1804289383,-64.96,0.3219,0.6280,25,23
2025-08-28T12:22:59.458498,15,846930886,-113.90,0.9072,0.9826,17,14
2025-08-28T12:22:59.458498,15,1681692777,-49.03,0.9585,0.2278,14,24
2025-08-28T12:22:59.458498,15,1714636915,-94.92,0.6999,0.2241,2,0
2025-08-28T12:22:59.459511,86,1804289383,-103.88,0.8975,0.1945,3,15
2025-08-28T12:22:59.459511,86,846930886,-35.23,0.9903,0.3601,24,4
2025-08-28T12:22:59.459511,86,1681692777,-54.52,0.6850,0.9969,1,4
2025-08-28T12:22:59.459511,86,1714636915,-108.57,0.6050,0.2798,22,18
2025-08-28T12:22:59.460449,74,1804289383,-32.32,0.6209,0.8379,14,20
2025-08-28T12:22:59.460449,74,846930886,-113.27,0.1566,0.0022,24,13
2025-08-28T12:22:59.460449,74,1681692777,-79.64,0.3892,0.4688,6,1
2025-08-28T12:22:59.460449,74,1714636915,-98.59,0.3108,0.7857,7,8
2025-08-28T12:22:59.461451,13,1804289383,-116.33,0.5718,0.0438,13,7
2025-08-28T12:22:59.461451,13,846930886,-83.22,0.2608,0.2257,3,18
2025-08-28T12:22:59.461451,13,1681692777,-116.16,0.9886,0.2819,1,27
2025-08-28T12:22:59.461451,13,1714636915,-40.78,0.1950,0.8787,26,19
2025-08-28T12:22:59.463076,5,1804289383,-21.55,0.5046,0.1356,22,5
2025-08-28T12:22:59.463076,5,846930886,-40.95,0.7702,0.8719,9,8
2025-08-28T12:22:59.463076,5,1681692777,-111.87,0.3623,0.1482,10,1
2025-08-28T12:22:59.463076,5,1714636915,-94.02,0.3421,0.5630,5,11
2025-08-28T12:22:59.464217,17,1804289383,-107.51,0.0680,0.7629,23,13
2025-08-28T12:22:59.464217,17,846930886,-20.63,0.0037,0.5851,4,21
2025-08-28T12:22:59.464217,17,1681692777,-44.91,0.4983,0.8712,22,9
2025-08-28T12:22:59.464217,17,1714636915,-109.19,0.5211,0.0281,11,17
2025-08-28T12:22:59.465231,45,1804289383,-39.23,0.7738,0.1539,18,17
2025-08-28T12:22:59.465231,45,846930886,-91.78,0.3706,0.9255,1,1
2025-08-28T12:22:59.465231,45,1681692777,-90.11,0.3502,0.8581,9,22
2025-08-28T12:22:59.465231,45,1714636915,-39.03,0.3026,0.7282,7,19
2025-08-28T12:22:59.466200,9,1804289383,-73.58,0.9095,0.2455,20,6
2025-08-28T12:22:59.466200,9,846930886,-80.78,0.4923,0.3351,11,17
2025-08-28T12:22:59.466200,9,1681692777,-58.68,0.1659,0.7189,8,0
2025-08-28T12:22:59.466200,9,1714636915,-70.29,0.9838,0.7572,23,17
2025-08-28T12:22:59.946836,6,1804289383,-20.96,0.9371,0.2301,27,27
2025-08-28T12:22:59.946836,6,846930886,-62.91,0.7186,0.5629,19,19
2025-08-28T12:22:59.946836,6,1681692777,-86.48,0.4804,0.4587,10,13
2025-08-28T12:22:59.946836,6,1714636915,-58.24,0.8275,0.0426,3,9
2025-08-28T12:22:59.948561,63,1804289383,-58.48,0.1114,0.4613,15,19
2025-08-28T12:22:59.948561,63,846930886,-67.58,0.3725,0.8236,25,15
2025-08-28T12:22:59.948561,63,1681692777,-53.87,0.4613,0.5337,2,17
2025-08-28T12:22:59.948561,63,1714636915,-56.27,0.3799,0.7773,10,6
2025-08-28T12:22:59.949774,56,1804289383,-37.77,0.5034,0.7971,15,1
2025-08-28T12:22:59.949774,56,846930886,-42.99,0.5995,0.2071,18,21
2025-08-28T12:22:59.949774,56,1681692777,-104.99,0.8219,0.2312,17,20
2025-08-28T12:22:59.949774,56,1714636915,-95.45,0.0178,0.9940,19,26
2025-08-28T12:22:59.951152,64,1804289383,-37.48,0.0518,0.9834,3,13
2025-08-28T12:22:59.951152,64,846930886,-99.66,0.8678,0.8948,21,6
2025-08-28T12:22:59.951152,64,1681692777,-90.64,0.3149,0.1772,2,21
2025-08-28T12:22:59.951152,64,1714636915,-105.34,0.6660,0.4648,9,8
2025-08-28T12:22:59.952558,87,1804289383,-99.83,0.9109,0.9660,27,8
2025-08-28T12:22:59.952558,87,846930886,-59.83,0.6665,0.6799,12,14
2025-08-28T12:22:59.952558,87,1681692777,-109.00,0.1051,0.5993,27,24
2025-08-28T12:22:59.952558,87,1714636915,-65.36,0.7096,0.8820,1,0
2025-08-28T12:22:59.953781,98,1804289383,-73.25,0.1885,0.3569,0,11
2025-08-28T12:22:59.953781,98,846930886,-109.15,0.4615,0.4761,25,15
2025-08-28T12:22:59.953781,98,1681692777,-96.18,0.0194,0.0999,19,2
2025-08-28T12:22:59.953781,98,1714636915,-86.65,0.9048,0.2327,10,8
2025-08-28T12:22:59.955420,7,1804289383,-108.65,0.3064,0.6305,25,14
2025-08-28T12:22:59.955420,7,846930886,-90.26,0.9955,0.6291,19,23
2025-08-28T12:22:59.955420,7,1681692777,-73.50,0.4859,0.5593,7,16
2025-08-28T12:22:59.955420,7,1714636915,-115.74,0.9266,0.1926,26,0
2025-08-28T12:22:59.956995,25,1804289383,-58.52,0.1603,0.4673,23,9
2025-08-28T12:22:59.956995,25,846930886,-112.09,0.8475,0.2257,12,23
2025-08-28T12:22:59.956995,25,1681692777,-42.22,0.3855,0.9984,18,1
2025-08-28T12:22:59.956995,25,1714636915,-56.42,0.7733,0.0974,16,26
2025-08-28T12:22:59.958279,43,1804289383,-116.80,0.4023,0.2673,13,1
2025-08-28T12:22:59.958279,43,846930886,-118.37,0.1294,0.3766,17,16
2025-08-28T12:22:59.958279,43,1681692777,-86.36,0.5513,0.7842,24,3
2025-08-28T12:22:59.958279,43,1714636915,-38.25,0.3671,0.5321,19,0
2025-08-28T12:22:59.959572,40,1804289383,-36.19,0.5350,0.5599,5,2
2025-08-28T12:22:59.959572,40,846930886,-65.31,0.0307,0.5117,24,27
2025-08-28T12:22:59.959572,40,1681692777,-101.15,0.7072,0.7271,0,1
2025-08-28T12:22:59.959572,40,1714636915,-102.17,0.0359,0.8252,25,2
2025-08-28T12:23:00.447904,27,1804289383,-107.59,0.3540,0.2942,12,23
2025-08-28T12:23:00.447904,27,846930886,-46.60,0.9493,0.6314,2,27
2025-08-28T12:23:00.447904,27,1681692777,-97.27,0.1363,0.7061,2,24
2025-08-28T12:23:00.447904,27,1714636915,-43.71,0.3567,0.2536,7,0
2025-08-28T12:23:00.451624,88,1804289383,-86.54,0.3651,0.0883,12,6
2025-08-28T12:23:00.451624,88,846930886,-111.77,0.8667,0.4532,0,9
2025-08-28T12:23:00.451624,88,1681692777,-109.81,0.4363,0.2666,5,17
2025-08-28T12:23:00.451624,88,1714636915,-86.93,0.0512,0.5209,16,5
2025-08-28T12:23:00.949749,92,1804289383,-85.60,0.1960,0.9434,18,6
2025-08-28T12:23:00.949749,92,846930886,-31.89,0.5975,0.7056,21,0
2025-08-28T12:23:00.949749,92,1681692777,-84.55,0.2462,0.4376,17,11
2025-08-28T12:23:00.949749,92,1714636915,-22.46,0.2211,0.3351,9,22
2025-08-28T12:23:00.951134,66,1804289383,-89.88,0.4601,0.4149,4,22
2025-08-28T12:23:00.951134,66,846930886,-24.39,0.8221,0.3876,10,8
2025-08-28T12:23:00.951134,66,1681692777,-100.15,0.1521,0.4816,19,4
2025-08-28T12:23:00.951134,66,1714636915,-53.72,0.7960,0.8004,3,19
2025-08-28T12:23:00.952496,12,1804289383,-40.91,0.5830,0.1748,4,12
2025-08-28T12:23:00.952496,12,846930886,-61.06,0.1260,0.4515,16,8
2025-08-28T12:23:00.952496,12,1681692777,-103.56,0.0495,0.8538,12,3
2025-08-28T12:23:00.952496,12,1714636915,-92.40,0.9865,0.4940,23,1
2025-08-28T12:23:00.953571,13,1804289383,-67.72,0.0063,0.5470,10,0
2025-08-28T12:23:00.953571,13,846930886,-71.16,0.3233,0.4508,13,15
2025-08-28T12:23:00.953571,13,1681692777,-104.93,0.0714,0.3183,0,13
2025-08-28T12:23:00.953571,13,1714636915,-89.64,0.2767,0.9990,18,2
2025-08-28T12:23:00.955075,53,1804289383,-74.05,0.5695,0.0265,2,6
2025-08-28T12:23:00.955075,53,846930886,-66.24,0.9535,0.1653,5,27
2025-08-28T12:23:00.955075,53,1681692777,-108.38,0.5439,0.8490,2,8
2025-08-28T12:23:00.955075,53,1714636915,-51.95,0.4394,0.7827,13,25
2025-08-28T12:23:00.956316,19,1804289383,-90.06,0.9013,0.2932,11,6
2025-08-28T12:23:00.956316,19,846930886,-91.44,0.2983,0.9191,1,11
2025-08-28T12:23:00.956316,19,1681692777,-46.83,0.8551,0.1870,22,1
2025-08-28T12:23:00.956316,19,1714636915,-46.24,0.6852,0.9098,2,18
2025-08-28T12:23:00.957432,25,1804289383,-58.65,0.8362,0.6193,1,20
2025-08-28T12:23:00.957432,25,846930886,-55.83,0.3962,0.7087,5,6
2025-08-28T12:23:00.957432,25,1681692777,-44.01,0.5430,0.8319,27,1
2025-08-28T12:23:00.957432,25,1714636915,-51.26,0.0583,0.0776,27,24
2025-08-28T12:23:00.958468,71,1804289383,-91.31,0.4057,0.0814,22,27
2025-08-28T12:23:00.958468,71,846930886,-44.62,0.1967,0.3433,15,4
2025-08-28T12:23:00.958468,71,1681692777,-96.17,0.5900,0.3191,8,27
2025-08-28T12:23:00.958468,71,1714636915,-118.04,0.6344,0.3269,11,11
2025-08-28T12:23:00.959737,11,1804289383,-47.89,0.0050,0.5474,7,20
2025-08-28T12:23:00.959737,11,846930886,-37.56,0.7987,0.0943,14,1
2025-08-28T12:23:00.959737,11,1681692777,-27.63,0.2301,0.2299,19,15
2025-08-28T12:23:00.959737,11,1714636915,-44.97,0.1203,0.1791,5,17
2025-08-28T12:23:00.960696,11,1804289383,-24.15,0.1392,0.0421,24,9
2025-08-28T12:23:00.960696,11,846930886,-35.03,0.2853,0.5366,23,18
2025-08-28T12:23:00.960696,11,1681692777,-37.96,0.8547,0.6201,18,22
2025-08-28T12:23:00.960696,11,1714636915,-114.98,0.6191,0.3558,14,20
2025-08-28T12:23:00.961702,90,1804289383,-108.39,0.9974,0.9163,1,14
2025-08-28T12:23:00.961702,90,846930886,-34.33,0.2952,0.7442,13,12
2025-08-28T12:23:00.961702,90,1681692777,-115.71,0.9958,0.1413,25,10
2025-08-28T12:23:00.961702,90,1714636915,-53.25,0.3283,0.0494,2,13
2025-08-28T12:23:00.962894,25,1804289383,-41.61,0.0212,0.9690,26,9
2025-08-28T12:23:00.962894,25,846930886,-84.44,0.1397,0.2971,22,19
2025-08-28T12:23:00.962894,25,1681692777,-50.64,0.3530,0.0486,7,5
2025-08-28T12:23:00.962894,25,1714636915,-25.82,0.9888,0.0911,26,1
2025-08-28T12:23:00.964140,71,1804289383,-74.95,0.2292,0.2185,21,14
2025-08-28T12:23:00.964140,71,846930886,-25.22,0.4999,0.7146,16,18
2025-08-28T12:23:00.964140,71,1681692777,-117.93,0.9690,0.6176,2,18
2025-08-28T12:23:00.964140,71,1714636915,-63.87,0.1604,0.5131,3,2
2025-08-28T12:23:00.965131,81,1804289383,-93.88,0.3413,0.7842,27,6
2025-08-28T12:23:00.965131,81,846930886,-33.91,0.3523,0.3682,1,19
2025-08-28T12:23:00.965131,81,1681692777,-44.37,0.0901,0.7463,8,6
2025-08-28T12:23:00.965131,81,1714636915,-95.91,0.2562,0.8517,3,18
2025-08-28T12:23:00.966168,76,1804289383,-77.41,0.5225,0.1092,2,17
2025-08-28T12:23:00.966168,76,846930886,-63.77,0.9390,0.2894,26,15
2025-08-28T12:23:00.966168,76,1681692777,-73.51,0.9036,0.8138,25,9
2025-08-28T12:23:00.966168,76,1714636915,-75.24,0.8171,0.6982,11,10
2025-08-28T12:23:00.967157,55,1804289383,-52.52,0.0913,0.7603,10,8
2025-08-28T12:23:00.967157,55,846930886,-27.86,0.5265,0.6253,12,27
2025-08-28T12:23:00.967157,55,1681692777,-93.88,0.4439,0.7243,21,10
2025-08-28T12:23:00.967157,55,1714636915,-64.37,0.2002,0.4615,18,19
2025-08-28T12:23:00.968153,85,1804289383,-41.02,0.0436,0.1301,2,27
2025-08-28T12:23:00.968153,85,846930886,-90.78,0.4880,0.0780,10,25
2025-08-28T12:23:00.968153,85,1681692777,-90.95,0.3834,0.2523,8,11
2025-08-28T12:23:00.968153,85,1714636915,-100.97,0.8170,0.3931,21,19
2025-08-28T12:23:00.969215,87,1804289383,-39.39,0.1564,0.4896,20,7
2025-08-28T12:23:00.969215,87,846930886,-28.03,0.2676,0.7066,14,2
2025-08-28T12:23:00.969215,87,1681692777,-24.38,0.9633,0.0629,6,11
2025-08-28T12:23:00.969215,87,1714636915,-89.78,0.4442,0.6716,5,27
2025-08-28T12:23:01.449248,20,1804289383,-74.65,0.1885,0.5778,4,10
2025-08-28T12:23:01.449248,20,846930886,-37.31,0.8466,0.6476,8,8
2025-08-28T12:23:01.449248,20,1681692777,-111.22,0.9833,0.5646,5,15
2025-08-28T12:23:01.449248,20,1714636915,-102.59,0.3555,0.8402,20,25
2025-08-28T12:23:01.451233,16,1804289383,-46.90,0.3512,0.9629,4,16
2025-08-28T12:23:01.451233,16,846930886,-85.67,0.4026,0.6635,7,26
2025-08-28T12:23:01.451233,16,1681692777,-39.73,0.5317,0.2677,3,3
2025-08-28T12:23:01.451233,16,1714636915,-71.05,0.6492,0.6366,18,6
2025-08-28T12:23:01.949243,32,1804289383,-59.35,0.2888,0.0061,13,11
2025-08-28T12:23:01.949243,32,846930886,-55.01,0.4467,0.7172,0,10
2025-08-28T12:23:01.949243,32,1681692777,-61.44,0.0010,0.4163,12,8
2025-08-28T12:23:01.949243,32,1714636915,-103.34,0.9882,0.0258,1,4
2025-08-28T12:23:01.951149,64,1804289383,-51.26,0.9458,0.1776,9,21
2025-08-28T12:23:01.951149,64,846930886,-64.89,0.3240,0.0979,12,14
2025-08-28T12:23:01.951149,64,1681692777,-102.28,0.8398,0.2485,18,13
2025-08-28T12:23:01.951149,64,1714636915,-94.01,0.6239,0.1002,21,23
2025-08-28T12:23:01.952390,74,1804289383,-57.67,0.4935,0.5404,6,1
2025-08-28T12:23:01.952390,74,846930886,-99.33,0.6491,0.4835,17,12
2025-08-28T12:23:01.952390,74,1681692777,-33.07,0.1525,0.2017,1,4
2025-08-28T12:23:01.952390,74,1714636915,-62.03,0.1933,0.8587,13,10
2025-08-28T12:23:01.954068,68,1804289383,-39.75,0.6840,0.6066,12,9
2025-08-28T12:23:01.954068,68,846930886,-89.22,0.9027,0.5540,15,22
2025-08-28T12:23:01.954068,68,1681692777,-76.17,0.8013,0.3978,6,9
2025-08-28T12:23:01.954068,68,1714636915,-106.70,0.0873,0.6017,2,22
2025-08-28T12:23:01.955834,20,1804289383,-80.12,0.3015,0.0671,24,1
2025-08-28T12:23:01.955834,20,846930886,-93.42,0.0005,0.3609,27,3
2025-08-28T12:23:01.955834,20,1681692777,-50.72,0.5790,0.4370,11,2
2025-08-28T12:23:01.955834,20,1714636915,-63.52,0.5978,0.8420,19,8
2025-08-28T12:23:01.957063,73,1804289383,-40.97,0.8732,0.3263,27,8
2025-08-28T12:23:01.957063,73,846930886,-92.40,0.6042,0.5240,14,9
2025-08-28T12:23:01.957063,73,1681692777,-99.67,0.5775,0.3002,2,4
2025-08-28T12:23:01.957063,73,1714636915,-47.96,0.2039,0.1663,8,21
2025-08-28T12:23:01.958139,72,1804289383,-115.37,0.3131,0.6528,6,4
2025-08-28T12:23:01.958139,72,846930886,-91.83,0.9050,0.9214,20,23
2025-08-28T12:23:01.958139,72,1681692777,-105.66,0.9657,0.9410,12,2
2025-08-28T12:23:01.958139,72,1714636915,-72.07,0.0461,0.8139,11,4
2025-08-28T12:23:01.959233,16,1804289383,-97.99,0.4249,0.5054,8,5
2025-08-28T12:23:01.959233,16,846930886,-116.46,0.0621,0.2727,13,0
2025-08-28T12:23:01.959233,16,1681692777,-60.64,0.9087,0.5713,20,5
2025-08-28T12:23:01.959233,16,1714636915,-98.03,0.1978,0.4773,24,1
2025-08-28T12:23:01.960267,31,1804289383,-59.74,0.7310,0.4852,15,14
2025-08-28T12:23:01.960267,31,846930886,-52.30,0.7689,0.9060,9,3
2025-08-28T12:23:01.960267,31,1681692777,-77.45,0.1019,0.0870,6,21
2025-08-28T12:23:01.960267,31,1714636915,-97.44,0.4876,0.0826,12,14
2025-08-28T12:23:01.961390,9,1804289383,-111.24,0.3038,0.4794,10,9
2025-08-28T12:23:01.961390,9,846930886,-109.19,0.5650,0.4673,22,13
2025-08-28T12:23:01.961390,9,1681692777,-33.29,0.8390,0.3320,15,10
2025-08-28T12:23:01.961390,9,1714636915,-50.20,0.6360,0.9307,7,25
2025-08-28T12:23:01.962522,1,1804289383,-59.03,0.3044,0.5616,16,2
2025-08-28T12:23:01.962522,1,846930886,-41.83,0.6923,0.7203,16,25
2025-08-28T12:23:01.962522,1,1681692777,-25.78,0.0855,0.0576,1,8
2025-08-28T12:23:01.962522,1,1714636915,-35.71,0.5071,0.8004,20,1
2025-08-28T12:23:01.963908,55,1804289383,-49.35,0.6859,0.9320,13,27
2025-08-28T12:23:01.963908,55,846930886,-41.46,0.6372,0.4049,4,13
2025-08-28T12:23:01.963908,55,1681692777,-38.56,0.0899,0.3349,1,10
2025-08-28T12:23:01.963908,55,1714636915,-103.42,0.5068,0.3048,20,13
2025-08-28T12:23:01.965137,73,1804289383,-61.56,0.1425,0.1015,27,20
2025-08-28T12:23:01.965137,73,846930886,-23.75,0.3848,0.7202,19,19
2025-08-28T12:23:01.965137,73,1681692777,-109.14,0.6484,0.3817,25,3
2025-08-28T12:23:01.965137,73,1714636915,-46.49,0.7458,0.7601,12,25
2025-08-28T12:23:01.966200,75,1804289383,-79.05,0.8540,0.7793,15,2
2025-08-28T12:23:01.966200,75,846930886,-82.90,0.7143,0.4039,9,24
2025-08-28T12:23:01.966200,75,1681692777,-96.03,0.5136,0.9750,26,20
2025-08-28T12:23:01.966200,75,1714636915,-65.38,0.6245,0.1111,4,10
2025-08-28T12:23:01.967279,79,1804289383,-65.02,0.4558,0.6219,23,6
2025-08-28T12:23:01.967279,79,846930886,-31.32,0.3100,0.1405,3,7
2025-08-28T12:23:01.967279,79,1681692777,-82.50,0.7409,0.0542,10,16
2025-08-28T12:23:01.967279,79,1714636915,-48.87,0.0893,0.3829,1,27
2025-08-28T12:23:01.968467,91,1804289383,-58.42,0.9379,0.2779,4,10
2025-08-28T12:23:01.968467,91,846930886,-22.35,0.7269,0.0677,20,5
2025-08-28T12:23:01.968467,91,1681692777,-38.79,0.4324,0.8620,1,9
2025-08-28T12:23:01.968467,91,1714636915,-108.35,0.1221,0.9783,12,21
2025-08-28T12:23:01.969626,94,1804289383,-36.37,0.4511,0.3188,14,9
2025-08-28T12:23:01.969626,94,846930886,-82.91,0.2192,0.5026,4,18
2025-08-28T12:23:01.969626,94,1681692777,-85.68,0.3088,0.5352,11,7
2025-08-28T12:23:01.969626,94,1714636915,-78.60,0.0701,0.8979,13,5
2025-08-28T12:23:01.970708,1,1804289383,-51.58,0.1722,0.9722,25,2
2025-08-28T12:23:01.970708,1,846930886,-70.88,0.6626,0.5183,15,2
2025-08-28T12:23:01.970708,1,1681692777,-98.81,0.9422,0.9253,11,25
2025-08-28T12:23:01.970708,1,1714636915,-49.57,0.4311,0.2362,25,22
2025-08-28T12:23:02.449761,55,1804289383,-35.67,0.2236,0.3068,2,9
2025-08-28T12:23:02.449761,55,846930886,-51.28,0.7412,0.0752,26,3
2025-08-28T12:23:02.449761,55,1681692777,-59.42,0.8594,0.8736,19,21
2025-08-28T12:23:02.449761,55,1714636915,-74.10,0.2684,0.7795,21,15
2025-08-28T12:23:02.451479,6,1804289383,-106.52,0.8000,0.3670,18,25
2025-08-28T12:23:02.451479,6,846930886,-71.35,0.3710,0.8376,23,18
2025-08-28T12:23:02.451479,6,1681692777,-50.60,0.7101,0.6414,16,4
2025-08-28T12:23:02.451479,6,1714636915,-49.45,0.4352,0.4465,9,24
2025-08-28T12:23:02.453512,74,1804289383,-37.39,0.2102,0.9739,18,26
2025-08-28T12:23:02.453512,74,846930886,-108.30,0.6056,0.6371,13,12
2025-08-28T12:23:02.453512,74,1681692777,-102.68,0.9171,0.1277,14,26
2025-08-28T12:23:02.453512,74,1714636915,-78.76,0.5442,0.8881,8,25
2025-08-28T12:23:02.454878,26,1804289383,-70.62,0.5202,0.4327,8,4
2025-08-28T12:23:02.454878,26,846930886,-99.55,0.9403,0.2441,8,11
2025-08-28T12:23:02.454878,26,1681692777,-56.49,0.4147,0.2823,0,26
2025-08-28T12:23:02.454878,26,1714636915,-55.84,0.2407,0.2299,13,6
2025-08-28T12:23:02.456319,5,1804289383,-59.09,0.1291,0.4415,25,16
2025-08-28T12:23:02.456319,5,846930886,-33.56,0.4972,0.4674,0,18
2025-08-28T12:23:02.456319,5,1681692777,-111.62,0.3846,0.6687,3,20
2025-08-28T12:23:02.456319,5,1714636915,-45.89,0.0241,0.1673,15,17
2025-08-28T12:23:02.457640,28,1804289383,-45.14,0.6148,0.6114,26,24
2025-08-28T12:23:02.457640,28,846930886,-34.66,0.9785,0.7810,25,9
2025-08-28T12:23:02.457640,28,1681692777,-25.13,0.9826,0.6883,5,0
2025-08-28T12:23:02.457640,28,1714636915,-66.16,0.4459,0.5050,23,22
2025-08-28T12:23:02.458973,23,1804289383,-87.32,0.4462,0.3588,25,27
2025-08-28T12:23:02.458973,23,846930886,-71.34,0.8317,0.6586,4,17
2025-08-28T12:23:02.458973,23,1681692777,-77.21,0.8371,0.1053,5,27
2025-08-28T12:23:02.458973,23,1714636915,-35.66,0.4414,0.3524,19,25
2025-08-28T12:23:02.461562,94,1804289383,-91.71,0.0324,0.6690,15,0
2025-08-28T12:23:02.461562,94,846930886,-26.20,0.3534,0.7922,26,17
2025-08-28T12:23:02.461562,94,1681692777,-79.19,0.3843,0.1221,24,13
2025-08-28T12:23:02.461562,94,1714636915,-78.66,0.2399,0.1631,18,15
2025-08-28T12:23:02.463117,21,1804289383,-22.53,0.2718,0.1726,22,0
2025-08-28T12:23:02.463117,21,846930886,-115.47,0.3271,0.4234,15,16
2025-08-28T12:23:02.463117,21,1681692777,-50.02,0.0776,0.1325,23,11
2025-08-28T12:23:02.463117,21,1714636915,-94.93,0.0532,0.3553,6,16
2025-08-28T12:23:02.464368,25,1804289383,-35.38,0.3505,0.1787,4,22
2025-08-28T12:23:02.464368,25,846930886,-66.47,0.0135,0.6282,10,18
2025-08-28T12:23:02.464368,25,1681692777,-66.74,0.1501,0.6011,7,10
2025-08-28T12:23:02.464368,25,1714636915,-89.34,0.5111,0.0704,1,27
2025-08-28T12:23:02.950422,6,1804289383,-106.06,0.9387,0.8448,18,10
2025-08-28T12:23:02.950422,6,846930886,-94.88,0.3024,0.2790,1,10
2025-08-28T12:23:02.950422,6,1681692777,-69.58,0.5231,0.2198,1,4
2025-08-28T12:23:02.950422,6,1714636915,-32.08,0.8313,0.5264,22,4
2025-08-28T12:23:02.952239,63,1804289383,-68.00,0.4274,0.6431,16,20
2025-08-28T12:23:02.952239,63,846930886,-68.72,0.8753,0.9907,22,20
2025-08-28T12:23:02.952239,63,1681692777,-43.50,0.4515,0.1569,16,12
2025-08-28T12:23:02.952239,63,1714636915,-70.72,0.0675,0.5960,11,16
2025-08-28T12:23:02.953906,19,1804289383,-108.11,0.3345,0.6297,3,0
2025-08-28T12:23:02.953906,19,846930886,-44.41,0.6454,0.0475,26,21
2025-08-28T12:23:02.953906,19,1681692777,-67.57,0.1833,0.2318,1,14
2025-08-28T12:23:02.953906,19,1714636915,-75.91,0.3996,0.9140,16,2
2025-08-28T12:23:02.955358,67,1804289383,-99.04,0.8685,0.3047,15,21
2025-08-28T12:23:02.955358,67,846930886,-71.31,0.8056,0.6029,6,21
2025-08-28T12:23:02.955358,67,1681692777,-46.22,0.8214,0.5609,24,24
2025-08-28T12:23:02.955358,67,1714636915,-42.21,0.3831,0.0372,7,24
2025-08-28T12:23:02.956576,12,1804289383,-31.55,0.2036,0.5658,12,6
2025-08-28T12:23:02.956576,12,846930886,-52.30,0.7986,0.5726,13,27
2025-08-28T12:23:02.956576,12,1681692777,-52.54,0.5455,0.6430,25,1
2025-08-28T12:23:02.956576,12,1714636915,-69.79,0.4802,0.2585,14,2
2025-08-28T12:23:02.957862,69,1804289383,-88.68,0.9722,0.6151,22,10
2025-08-28T12:23:02.957862,69,846930886,-23.00,0.3504,0.7721,17,12
2025-08-28T12:23:02.957862,69,1681692777,-58.22,0.1736,0.9576,11,19
2025-08-28T12:23:02.957862,69,1714636915,-60.00,0.4164,0.8779,8,15
2025-08-28T12:23:02.959127,31,1804289383,-39.90,0.3976,0.0176,18,18
2025-08-28T12:23:02.959127,31,846930886,-29.08,0.0595,0.9150,24,19
2025-08-28T12:23:02.959127,31,1681692777,-64.84,0.8815,0.5519,21,4
2025-08-28T12:23:02.959127,31,1714636915,-67.99,0.9020,0.6478,5,26
2025-08-28T12:23:02.960422,18,1804289383,-20.11,0.2515,0.9988,22,19
2025-08-28T12:23:02.960422,18,846930886,-103.02,0.8768,0.7745,14,8
2025-08-28T12:23:02.960422,18,1681692777,-47.90,0.5675,0.2373,18,27
2025-08-28T12:23:02.960422,18,1714636915,-55.56,0.7805,0.8953,23,2
2025-08-28T12:23:02.961730,55,1804289383,-79.85,0.2692,0.6853,21,0
2025-08-28T12:23:02.961730,55,846930886,-31.89,0.0493,0.3394,4,24
2025-08-28T12:23:02.961730,55,1681692777,-116.81,0.1326,0.4291,3,19
2025-08-28T12:23:02.961730,55,1714636915,-118.58,0.9087,0.0815,22,12
2025-08-28T12:23:02.963031,73,1804289383,-63.81,0.3658,0.7224,14,3
2025-08-28T12:23:02.963031,73,846930886,-97.97,0.4572,0.7453,1,1
2025-08-28T12:23:02.963031,73,1681692777,-52.73,0.4895,0.2761,4,26
2025-08-28T12:23:02.963031,73,1714636915,-45.56,0.7219,0.6482,15,24
2025-08-28T12:23:02.964126,46,1804289383,-101.59,0.5813,0.7132,18,13
2025-08-28T12:23:02.964126,46,846930886,-44.96,0.2656,0.4398,16,3
2025-08-28T12:23:02.964126,46,1681692777,-61.67,0.1161,0.9895,8,8
2025-08-28T12:23:02.964126,46,1714636915,-48.73,0.0405,0.9623,4,23
2025-08-28T12:23:03.450832,40,1804289383,-68.89,0.9074,0.9061,11,27
2025-08-28T12:23:03.450832,40,846930886,-41.98,0.1593,0.5152,14,20
2025-08-28T12:23:03.450832,40,1681692777,-62.38,0.3616,0.5538,5,0
2025-08-28T12:23:03.450832,40,1714636915,-27.39,0.8418,0.2271,10,25
2025-08-28T12:23:03.452343,14,1804289383,-94.08,0.0983,0.8318,23,20
2025-08-28T12:23:03.452343,14,846930886,-69.64,0.2215,0.3035,12,26
2025-08-28T12:23:03.452343,14,1681692777,-118.32,0.4110,0.3611,17,12
2025-08-28T12:23:03.452343,14,1714636915,-43.06,0.1761,0.6969,3,5
2025-08-28T12:23:03.453548,78,1804289383,-28.18,0.5704,0.6652,6,4
2025-08-28T12:23:03.453548,78,846930886,-58.42,0.1453,0.6722,18,11
2025-08-28T12:23:03.453548,78,1681692777,-22.65,0.7141,0.2255,8,24
2025-08-28T12:23:03.453548,78,1714636915,-59.86,0.1951,0.6083,19,15
2025-08-28T12:23:03.454955,5,1804289383,-100.59,0.0111,0.1308,13,7
2025-08-28T12:23:03.454955,5,846930886,-87.65,0.8909,0.7696,7,6
2025-08-28T12:23:03.454955,5,1681692777,-38.13,0.8939,0.6452,6,17
2025-08-28T12:23:03.454955,5,1714636915,-43.20,0.9640,0.3122,1,11
2025-08-28T12:23:03.456020,33,1804289383,-41.30,0.5832,0.0001,17,8
2025-08-28T12:23:03.456020,33,846930886,-35.48,0.3953,0.2824,0,17
2025-08-28T12:23:03.456020,33,1681692777,-71.12,0.8563,0.6401,1,10
2025-08-28T12:23:03.456020,33,1714636915,-92.95,0.3798,0.6261,22,0
2025-08-28T12:23:03.457104,16,1804289383,-39.56,0.0049,0.3454,25,0
2025-08-28T12:23:03.457104,16,846930886,-53.29,0.1166,0.9250,23,1
2025-08-28T12:23:03.457104,16,1681692777,-100.59,0.2503,0.1432,24,5
2025-08-28T12:23:03.457104,16,1714636915,-101.65,0.5894,0.2138,8,4
2025-08-28T12:23:03.458191,66,1804289383,-30.37,0.7388,0.9974,5,9
2025-08-28T12:23:03.458191,66,846930886,-46.31,0.5224,0.9563,26,0
2025-08-28T12:23:03.458191,66,1681692777,-27.49,0.7418,0.3943,9,16
2025-08-28T12:23:03.458191,66,1714636915,-82.93,0.0417,0.8239,3,8
2025-08-28T12:23:03.459138,72,1804289383,-64.76,0.3280,0.4251,6,25
2025-08-28T12:23:03.459138,72,846930886,-108.68,0.7661,0.8499,19,13
2025-08-28T12:23:03.459138,72,1681692777,-41.40,0.8520,0.2721,6,6
2025-08-28T12:23:03.459138,72,1714636915,-81.39,0.3083,0.4941,12,0
2025-08-28T12:23:03.460541,94,1804289383,-117.32,0.7516,0.5399,1,4
2025-08-28T12:23:03.460541,94,846930886,-43.36,0.8506,0.8260,26,23
2025-08-28T12:23:03.460541,94,1681692777,-20.06,0.0944,0.5067,26,14
2025-08-28T12:23:03.460541,94,1714636915,-56.57,0.7656,0.6107,2,3
2025-08-28T12:23:03.461729,99,1804289383,-117.58,0.3123,0.2864,5,19
2025-08-28T12:23:03.461729,99,846930886,-24.80,0.5183,0.3476,23,2
2025-08-28T12:23:03.461729,99,1681692777,-69.77,0.7037,0.6730,1,8
2025-08-28T12:23:03.461729,99,1714636915,-117.91,0.3529,0.9850,3,11
2025-08-28T12:23:03.463029,67,1804289383,-32.39,0.9412,0.4315,18,18
2025-08-28T12:23:03.463029,67,846930886,-96.27,0.4868,0.0966,12,13
2025-08-28T12:23:03.463029,67,1681692777,-59.29,0.5496,0.2736,9,20
2025-08-28T12:23:03.463029,67,1714636915,-37.97,0.1254,0.8588,13,7
2025-08-28T12:23:03.951392,30,1804289383,-51.70,0.9315,0.8366,24,11
2025-08-28T12:23:03.951392,30,846930886,-57.59,0.6680,0.2069,20,17
2025-08-28T12:23:03.951392,30,1681692777,-100.18,0.5652,0.5316,20,18
2025-08-28T12:23:03.951392,30,1714636915,-23.40,0.6850,0.1241,25,27
2025-08-28T12:23:03.952892,17,1804289383,-117.32,0.9458,0.3142,2,25
2025-08-28T12:23:03.952892,17,846930886,-50.18,0.8856,0.6344,19,13
2025-08-28T12:23:03.952892,17,1681692777,-35.86,0.6297,0.0565,23,8
2025-08-28T12:23:03.952892,17,1714636915,-32.98,0.5094,0.0226,22,20
2025-08-28T12:23:03.954126,4,1804289383,-73.71,0.1410,0.5430,24,25
2025-08-28T12:23:03.954126,4,846930886,-29.98,0.5870,0.8357,15,16
2025-08-28T12:23:03.954126,4,1681692777,-82.19,0.8460,0.6083,20,3
2025-08-28T12:23:03.954126,4,1714636915,-45.39,0.2637,0.2945,27,11
2025-08-28T12:23:03.955542,18,1804289383,-100.86,0.5401,0.2943,5,20
2025-08-28T12:23:03.955542,18,846930886,-78.69,0.2140,0.6564,27,21
2025-08-28T12:23:03.955542,18,1681692777,-64.53,0.5541,0.1017,12,21
2025-08-28T12:23:03.955542,18,1714636915,-97.01,0.1417,0.2595,15,3
2025-08-28T12:23:03.956807,83,1804289383,-46.40,0.0441,0.9889,25,18
2025-08-28T12:23:03.956807,83,846930886,-46.38,0.0305,0.8381,3,18
2025-08-28T12:23:03.956807,83,1681692777,-79.48,0.2763,0.7778,15,24
2025-08-28T12:23:03.956807,83,1714636915,-20.55,0.6192,0.7189,11,20
2025-08-28T12:23:03.957971,83,1804289383,-22.77,0.2796,0.3654,27,15
2025-08-28T12:23:03.957971,83,846930886,-25.71,0.2318,0.8392,26,17
2025-08-28T12:23:03.957971,83,1681692777,-54.89,0.9870,0.8315,5,12
2025-08-28T12:23:03.957971,83,1714636915,-37.97,0.6816,0.9170,17,18
2025-08-28T12:23:03.959109,36,1804289383,-104.09,0.9428,0.5361,18,23
2025-08-28T12:23:03.959109,36,846930886,-86.68,0.8780,0.5187,2,20
2025-08-28T12:23:03.959109,36,1681692777,-116.03,0.6128,0.0540,24,17
2025-08-28T12:23:03.959109,36,1714636915,-69.60,0.2715,0.0612,6,25
2025-08-28T12:23:03.960218,28,1804289383,-63.00,0.9456,0.6274,11,5
2025-08-28T12:23:03.960218,28,846930886,-72.59,0.4870,0.8501,6,24
2025-08-28T12:23:03.960218,28,1681692777,-109.42,0.4170,0.1539,6,25
2025-08-28T12:23:03.960218,28,1714636915,-55.77,0.9838,0.4599,18,7
2025-08-28T12:23:03.961267,75,1804289383,-72.29,0.7265,0.5669,22,3
2025-08-28T12:23:03.961267,75,846930886,-24.75,0.5384,0.7916,14,22
2025-08-28T12:23:03.961267,75,1681692777,-34.74,0.8981,0.1421,20,23
2025-08-28T12:23:03.961267,75,1714636915,-27.47,0.3396,0.7779,18,26
2025-08-28T12:23:03.962458,19,1804289383,-91.65,0.1113,0.8303,1,21
2025-08-28T12:23:03.962458,19,846930886,-71.35,0.7434,0.0628,14,18
2025-08-28T12:23:03.962458,19,1681692777,-40.50,0.2130,0.8376,22,10
2025-08-28T12:23:03.962458,19,1714636915,-57.15,0.3334,0.2922,20,26
2025-08-28T12:23:03.963711,15,1804289383,-74.56,0.9902,0.4273,17,5
2025-08-28T12:23:03.963711,15,846930886,-47.57,0.2323,0.3667,0,9
2025-08-28T12:23:03.963711,15,1681692777,-20.75,0.8357,0.7872,24,23
2025-08-28T12:23:03.963711,15,1714636915,-111.22,0.7359,0.3190,23,4
2025-08-28T12:23:04.452323,29,1804289383,-39.86,0.8442,0.4319,11,10
2025-08-28T12:23:04.452323,29,846930886,-58.66,0.0935,0.1487,13,23
2025-08-28T12:23:04.452323,29,1681692777,-107.03,0.6036,0.0956,9,23
2025-08-28T12:23:04.452323,29,1714636915,-61.31,0.3620,0.4118,23,22
2025-08-28T12:23:04.455246,95,1804289383,-52.13,0.1060,0.1132,20,20
2025-08-28T12:23:04.455246,95,846930886,-34.43,0.9977,0.7951,8,10
2025-08-28T12:23:04.455246,95,1681692777,-30.27,0.7000,0.0664,12,7
2025-08-28T12:23:04.455246,95,1714636915,-75.49,0.9908,0.3689,20,19
2025-08-28T12:23:04.458068,17,1804289383,-110.62,0.7547,0.1739,18,10
2025-08-28T12:23:04.458068,17,846930886,-34.53,0.5055,0.2042,2,26
2025-08-28T12:23:04.458068,17,1681692777,-89.46,0.9607,0.7396,7,2
2025-08-28T12:23:04.458068,17,1714636915,-75.55,0.3030,0.4632,0,24
2025-08-28T12:23:04.459201,64,1804289383,-83.54,0.0040,0.4564,16,24
2025-08-28T12:23:04.459201,64,846930886,-109.36,0.7335,0.2808,18,2
2025-08-28T12:23:04.459201,64,1681692777,-77.67,0.8611,0.9515,12,12
2025-08-28T12:23:04.459201,64,1714636915,-85.79,0.9289,0.6825,2,11
2025-08-28T12:23:04.460624,21,1804289383,-22.91,0.2948,0.6146,15,19
2025-08-28T12:23:04.460624,21,846930886,-34.48,0.4341,0.3279,18,4
2025-08-28T12:23:04.460624,21,1681692777,-36.31,0.8592,0.4496,13,15
2025-08-28T12:23:04.460624,21,1714636915,-119.68,0.5704,0.9758,4,5
2025-08-28T12:23:04.461773,79,1804289383,-85.73,0.2995,0.7287,18,15
2025-08-28T12:23:04.461773,79,846930886,-98.73,0.0252,0.1289,2,21
2025-08-28T12:23:04.461773,79,1681692777,-79.75,0.5075,0.9490,13,4
2025-08-28T12:23:04.461773,79,1714636915,-47.81,0.8366,0.7189,25,2
2025-08-28T12:23:04.462876,63,1804289383,-92.39,0.2794,0.0281,0,8
2025-08-28T12:23:04.462876,63,846930886,-25.35,0.2518,0.1794,23,22
2025-08-28T12:23:04.462876,63,1681692777,-81.37,0.2460,0.2858,4,8
2025-08-28T12:23:04.462876,63,1714636915,-104.39,0.4115,0.1617,22,1
2025-08-28T12:23:04.463933,15,1804289383,-114.55,0.6949,0.9960,24,9
2025-08-28T12:23:04.463933,15,846930886,-53.77,0.7734,0.2835,21,17
2025-08-28T12:23:04.463933,15,1681692777,-105.93,0.9417,0.9928,4,18
2025-08-28T12:23:04.463933,15,1714636915,-66.22,0.3926,0.2972,0,26
2025-08-28T12:23:04.465105,49,1804289383,-38.34,0.2355,0.7271,26,3
2025-08-28T12:23:04.465105,49,846930886,-31.56,0.9783,0.3349,16,0
2025-08-28T12:23:04.465105,49,1681692777,-114.70,0.5793,0.5677,26,24
2025-08-28T12:23:04.465105,49,1714636915,-113.75,0.8265,0.4244,13,0
2025-08-28T12:23:04.466402,72,1804289383,-107.80,0.7839,0.4298,26,21
2025-08-28T12:23:04.466402,72,846930886,-42.79,0.4192,0.9129,10,15
2025-08-28T12:23:04.466402,72,1681692777,-68.67,0.0076,0.4871,22,24
2025-08-28T12:23:04.466402,72,1714636915,-68.99,0.4916,0.5214,7,27
2025-08-28T12:23:04.467546,8,1804289383,-96.96,0.6310,0.5730,18,9
2025-08-28T12:23:04.467546,8,846930886,-100.95,0.6548,0.0938,4,20
2025-08-28T12:23:04.467546,8,1681692777,-97.99,0.9744,0.3737,13,9
2025-08-28T12:23:04.467546,8,1714636915,-23.18,0.6393,0.2624,6,26
2025-08-28T12:23:04.952771,77,1804289383,-103.76,0.8864,0.4724,8,10
2025-08-28T12:23:04.952771,77,846930886,-117.27,0.6838,0.0223,16,5
2025-08-28T12:23:04.952771,77,1681692777,-85.79,0.6583,0.7767,2,27
2025-08-28T12:23:04.952771,77,1714636915,-83.33,0.9969,0.7834,3,11
2025-08-28T12:23:04.954407,29,1804289383,-50.93,0.3145,0.1015,0,6
2025-08-28T12:23:04.954407,29,846930886,-105.99,0.9531,0.4788,27,23
2025-08-28T12:23:04.954407,29,1681692777,-58.30,0.0265,0.3846,15,9
2025-08-28T12:23:04.954407,29,1714636915,-82.42,0.3008,0.5609,19,19
2025-08-28T12:23:04.955959,32,1804289383,-47.63,0.2813,0.0146,7,13
2025-08-28T12:23:04.955959,32,846930886,-24.77,0.5071,0.8242,7,18
2025-08-28T12:23:04.955959,32,1681692777,-34.40,0.2667,0.4900,19,19
2025-08-28T12:23:04.955959,32,1714636915,-82.92,0.8091,0.2561,10,27
2025-08-28T12:23:04.957271,5,1804289383,-26.41,0.1059,0.3277,17,27
2025-08-28T12:23:04.957271,5,846930886,-106.69,0.4968,0.8303,11,7
2025-08-28T12:23:04.957271,5,1681692777,-61.19,0.4144,0.1840,18,10
2025-08-28T12:23:04.957271,5,1714636915,-105.22,0.0953,0.6961,3,6
2025-08-28T12:23:04.958292,70,1804289383,-100.82,0.9739,0.7175,8,25
2025-08-28T12:23:04.958292,70,846930886,-95.20,0.4478,0.5755,19,19
2025-08-28T12:23:04.958292,70,1681692777,-29.13,0.3539,0.4862,17,26
2025-08-28T12:23:04.958292,70,1714636915,-95.21,0.4055,0.6386,16,21
2025-08-28T12:23:04.959286,25,1804289383,-66.57,0.7589,0.0912,23,2
2025-08-28T12:23:04.959286,25,846930886,-52.97,0.2304,0.1022,2,18
2025-08-28T12:23:04.959286,25,1681692777,-49.15,0.6442,0.8094,3,27
2025-08-28T12:23:04.959286,25,1714636915,-61.59,0.1563,0.4243,6,14
2025-08-28T12:23:04.960511,38,1804289383,-45.37,0.8010,0.3059,20,17
2025-08-28T12:23:04.960511,38,846930886,-91.37,0.3849,0.1637,27,15
2025-08-28T12:23:04.960511,38,1681692777,-83.97,0.0452,0.9791,11,20
2025-08-28T12:23:04.960511,38,1714636915,-36.41,0.5908,0.1019,27,3
2025-08-28T12:23:04.961537,90,1804289383,-87.11,0.4921,0.3271,0,25
2025-08-28T12:23:04.961537,90,846930886,-40.18,0.7532,0.4123,2,5
2025-08-28T12:23:04.961537,90,1681692777,-110.34,0.5992,0.4562,12,16
2025-08-28T12:23:04.961537,90,1714636915,-74.60,0.4815,0.6787,26,16
2025-08-28T12:23:04.962907,26,1804289383,-70.11,0.3486,0.8651,8,10
2025-08-28T12:23:04.962907,26,846930886,-106.14,0.6008,0.3501,16,23
2025-08-28T12:23:04.962907,26,1681692777,-104.09,0.6307,0.5466,6,7
2025-08-28T12:23:04.962907,26,1714636915,-37.19,0.9123,0.8712,18,26
2025-08-28T12:23:04.964043,16,1804289383,-25.77,0.5189,0.3180,20,22
2025-08-28T12:23:04.964043,16,846930886,-103.10,0.6209,0.1406,16,4
2025-08-28T12:23:04.964043,16,1681692777,-106.13,0.5177,0.9908,12,11
2025-08-28T12:23:04.964043,16,1714636915,-61.48,0.7396,0.3819,21,9
2025-08-28T12:23:04.965092,68,1804289383,-52.52,0.5057,0.3711,10,24
2025-08-28T12:23:04.965092,68,846930886,-85.39,0.5460,0.3638,9,7
2025-08-28T12:23:04.965092,68,1681692777,-46.66,0.8651,0.0855,23,22
2025-08-28T12:23:04.965092,68,1714636915,-114.59,0.3543,0.6922,22,22
2025-08-28T12:23:05.453266,85,1804289383,-59.64,0.4707,0.4707,7,16
2025-08-28T12:23:05.453266,85,846930886,-103.06,0.9855,0.5025,11,8
2025-08-28T12:23:05.453266,85,1681692777,-80.69,0.6750,0.5687,19,17
2025-08-28T12:23:05.453266,85,1714636915,-100.17,0.9391,0.5744,14,15
2025-08-28T12:23:05.455418,77,1804289383,-58.50,0.7920,0.0989,20,11
2025-08-28T12:23:05.455418,77,846930886,-26.69,0.3072,0.7312,26,17
2025-08-28T12:23:05.455418,77,1681692777,-29.35,0.4039,0.1100,5,24
2025-08-28T12:23:05.455418,77,1714636915,-71.03,0.8921,0.8237,2,21
2025-08-28T12:23:05.457428,86,1804289383,-82.46,0.6584,0.9351,24,8
2025-08-28T12:23:05.457428,86,846930886,-61.93,0.9498,0.7089,13,2
2025-08-28T12:23:05.457428,86,1681692777,-81.27,0.3727,0.4142,8,1
2025-08-28T12:23:05.457428,86,1714636915,-39.95,0.6946,0.7810,14,12
2025-08-28T12:23:05.458636,48,1804289383,-67.44,0.4438,0.9904,19,8
2025-08-28T12:23:05.458636,48,846930886,-22.78,0.3493,0.2538,0,20
2025-08-28T12:23:05.458636,48,1681692777,-40.61,0.6306,0.8264,26,8
2025-08-28T12:23:05.458636,48,1714636915,-91.86,0.7437,0.8501,6,23
2025-08-28T12:23:05.459665,40,1804289383,-49.61,0.4733,0.0098,10,11
2025-08-28T12:23:05.459665,40,846930886,-116.18,0.4849,0.1412,19,2
2025-08-28T12:23:05.459665,40,1681692777,-32.88,0.4821,0.5593,7,13
2025-08-28T12:23:05.459665,40,1714636915,-78.60,0.2204,0.5000,27,20
2025-08-28T12:23:05.460698,31,1804289383,-101.42,0.9381,0.7125,7,7
2025-08-28T12:23:05.460698,31,846930886,-68.48,0.0359,0.9201,25,22
2025-08-28T12:23:05.460698,31,1681692777,-92.19,0.9884,0.6682,5,0
2025-08-28T12:23:05.460698,31,1714636915,-78.92,0.7630,0.4703,0,21
2025-08-28T12:23:05.461876,32,1804289383,-106.09,0.8911,0.6870,19,15
2025-08-28T12:23:05.461876,32,846930886,-118.08,0.6391,0.7469,9,10
2025-08-28T12:23:05.461876,32,1681692777,-22.28,0.9573,0.2701,4,15
2025-08-28T12:23:05.461876,32,1714636915,-95.85,0.0132,0.5161,2,1
2025-08-28T12:23:05.463249,56,1804289383,-64.10,0.3397,0.3684,19,0
2025-08-28T12:23:05.463249,56,846930886,-73.67,0.0293,0.1231,9,11
2025-08-28T12:23:05.463249,56,1681692777,-104.50,0.3545,0.5322,25,21
2025-08-28T12:23:05.463249,56,1714636915,-74.12,0.7941,0.4343,14,2
2025-08-28T12:23:05.464371,41,1804289383,-118.79,0.6219,0.2030,21,9
2025-08-28T12:23:05.464371,41,846930886,-31.23,0.5282,0.5897,0,14
2025-08-28T12:23:05.464371,41,1681692777,-82.13,0.2274,0.9869,6,3
2025-08-28T12:23:05.464371,41,1714636915,-61.83,0.4079,0.0628,21,15
2025-08-28T12:23:05.465635,0,1804289383,-57.64,0.7852,0.2337,20,9
2025-08-28T12:23:05.465635,0,846930886,-82.04,0.0579,0.6836,14,11
2025-08-28T12:23:05.465635,0,1681692777,-108.83,0.0016,0.4866,22,0
2025-08-28T12:23:05.465635,0,1714636915,-60.96,0.6399,0.9396,0,26
2025-08-28T12:23:05.466715,20,1804289383,-44.24,0.2453,0.1379,7,22
2025-08-28T12:23:05.466715,20,846930886,-40.11,0.8204,0.9454,19,5
2025-08-28T12:23:05.466715,20,1681692777,-69.48,0.5841,0.1328,7,15
2025-08-28T12:23:05.466715,20,1714636915,-65.97,0.5631,0.4925,5,14
2025-08-28T12:23:05.953872,46,1804289383,-30.83,0.3332,0.7038,21,2
2025-08-28T12:23:05.953872,46,846930886,-59.79,0.8313,0.6263,2,11
2025-08-28T12:23:05.953872,46,1681692777,-99.84,0.8473,0.7284,24,2
2025-08-28T12:23:05.953872,46,1714636915,-112.69,0.0220,0.1564,3,8
2025-08-28T12:23:05.955734,68,1804289383,-73.39,0.0540,0.5432,9,20
2025-08-28T12:23:05.955734,68,846930886,-24.71,0.9586,0.7550,9,16
2025-08-28T12:23:05.955734,68,1681692777,-101.14,0.2861,0.2546,11,26
2025-08-28T12:23:05.955734,68,1714636915,-99.96,0.0199,0.9483,13,23
2025-08-28T12:23:05.957125,22,1804289383,-94.12,0.3388,0.5940,23,3
2025-08-28T12:23:05.957125,22,846930886,-66.28,0.4152,0.6860,26,25
2025-08-28T12:23:05.957125,22,1681692777,-39.07,0.5911,0.9965,21,18
2025-08-28T12:23:05.957125,22,1714636915,-114.44,0.7679,0.5607,21,13
2025-08-28T12:23:05.958290,31,1804289383,-53.62,0.5733,0.0462,27,16
2025-08-28T12:23:05.958290,31,846930886,-52.35,0.6121,0.3720,20,13
2025-08-28T12:23:05.958290,31,1681692777,-52.15,0.0152,0.5985,1,27
2025-08-28T12:23:05.958290,31,1714636915,-44.82,0.0937,0.3143,10,6
2025-08-28T12:23:05.959460,4,1804289383,-105.13,0.5434,0.4668,27,7
2025-08-28T12:23:05.959460,4,846930886,-64.66,0.7094,0.7018,13,1
2025-08-28T12:23:05.959460,4,1681692777,-49.27,0.1267,0.6131,2,6
2025-08-28T12:23:05.959460,4,1714636915,-84.44,0.3194,0.6704,20,10
2025-08-28T12:23:05.960686,88,1804289383,-20.09,0.9224,0.7686,15,6
2025-08-28T12:23:05.960686,88,846930886,-79.08,0.3133,0.8887,26,3
2025-08-28T12:23:05.960686,88,1681692777,-81.97,0.9526,0.4376,21,13
2025-08-28T12:23:05.960686,88,1714636915,-97.43,0.0897,0.3005,8,6
2025-08-28T12:23:05.961851,78,1804289383,-54.92,0.2698,0.0513,17,20
2025-08-28T12:23:05.961851,78,846930886,-50.55,0.3211,0.3046,11,18
2025-08-28T12:23:05.961851,78,1681692777,-52.55,0.6169,0.1799,15,6
2025-08-28T12:23:05.961851,78,1714636915,-74.86,0.9878,0.6426,3,8
2025-08-28T12:23:05.963033,3,1804289383,-119.72,0.3962,0.2546,18,9
2025-08-28T12:23:05.963033,3,846930886,-119.90,0.3032,0.2942,16,18
2025-08-28T12:23:05.963033,3,1681692777,-90.26,0.2707,0.6985,13,12
2025-08-28T12:23:05.963033,3,1714636915,-43.63,0.6185,0.5242,0,7
2025-08-28T12:23:05.964514,60,1804289383,-106.55,0.2096,0.8741,23,12
2025-08-28T12:23:05.964514,60,846930886,-37.95,0.7772,0.7032,5,15
2025-08-28T12:23:05.964514,60,1681692777,-109.00,0.2167,0.9061,23,14
2025-08-28T12:23:05.964514,60,1714636915,-94.87,0.4132,0.5794,2,14
2025-08-28T12:23:05.965863,44,1804289383,-45.83,0.7590,0.5233,23,8
2025-08-28T12:23:05.965863,44,846930886,-102.84,0.2659,0.5918,9,12
2025-08-28T12:23:05.965863,44,1681692777,-109.30,0.3812,0.3397,21,26
2025-08-28T12:23:05.965863,44,1714636915,-117.79,0.8841,0.3362,7,23
2025-08-28T12:23:05.966872,43,1804289383,-67.60,0.4416,0.5534,25,18
2025-08-28T12:23:05.966872,43,846930886,-117.29,0.1034,0.9433,19,24
2025-08-28T12:23:05.966872,43,1681692777,-99.30,0.7860,0.8526,23,18
2025-08-28T12:23:05.966872,43,1714636915,-103.39,0.4729,0.2060,4,7
2025-08-28T12:23:05.968038,25,1804289383,-101.98,0.2781,0.2854,16,13
2025-08-28T12:23:05.968038,25,846930886,-49.49,0.5164,0.5018,18,11
2025-08-28T12:23:05.968038,25,1681692777,-93.54,0.1467,0.5132,13,19
2025-08-28T12:23:05.968038,25,1714636915,-69.32,0.3680,0.7820,0,19
2025-08-28T12:23:06.454544,46,1804289383,-29.30,0.5500,0.4543,25,7
2025-08-28T12:23:06.454544,46,846930886,-33.43,0.1129,0.7105,21,2
2025-08-28T12:23:06.454544,46,1681692777,-76.21,0.1438,0.5768,13,18
2025-08-28T12:23:06.454544,46,1714636915,-74.86,0.9543,0.1253,14,6
2025-08-28T12:23:06.457341,75,1804289383,-76.32,0.4272,0.1306,7,4
2025-08-28T12:23:06.457341,75,846930886,-100.40,0.2187,0.4138,22,10
2025-08-28T12:23:06.457341,75,1681692777,-58.64,0.7459,0.9204,20,25
2025-08-28T12:23:06.457341,75,1714636915,-48.67,0.7265,0.0009,3,15
2025-08-28T12:23:06.458775,27,1804289383,-71.94,0.5947,0.6965,11,0
2025-08-28T12:23:06.458775,27,846930886,-63.50,0.6060,0.7923,13,1
2025-08-28T12:23:06.458775,27,1681692777,-37.29,0.9922,0.6026,4,24
2025-08-28T12:23:06.458775,27,1714636915,-90.28,0.0459,0.3130,18,26
2025-08-28T12:23:06.459881,10,1804289383,-86.66,0.4323,0.6332,17,21
2025-08-28T12:23:06.459881,10,846930886,-82.24,0.3343,0.9933,1,8
2025-08-28T12:23:06.459881,10,1681692777,-86.90,0.9723,0.2894,0,17
2025-08-28T12:23:06.459881,10,1714636915,-69.48,0.9370,0.1056,11,19
2025-08-28T12:23:06.460979,89,1804289383,-80.34,0.0115,0.3231,27,9
2025-08-28T12:23:06.460979,89,846930886,-31.91,0.7096,0.4099,15,22
2025-08-28T12:23:06.460979,89,1681692777,-41.36,0.3132,0.3625,10,3
2025-08-28T12:23:06.460979,89,1714636915,-110.01,0.1207,0.5865,23,8
2025-08-28T12:23:06.462143,17,1804289383,-81.45,0.0031,0.7679,14,25
2025-08-28T12:23:06.462143,17,846930886,-108.61,0.4910,0.4486,12,23
2025-08-28T12:23:06.462143,17,1681692777,-85.73,0.1254,0.3101,23,19
2025-08-28T12:23:06.462143,17,1714636915,-64.00,0.0524,0.6481,8,14
2025-08-28T12:23:06.463448,58,1804289383,-73.36,0.1441,0.8876,6,15
2025-08-28T12:23:06.463448,58,846930886,-47.80,0.0529,0.9663,25,4
2025-08-28T12:23:06.463448,58,1681692777,-77.60,0.7250,0.2577,6,6
2025-08-28T12:23:06.463448,58,1714636915,-112.35,0.9150,0.1170,24,23
2025-08-28T12:23:06.464568,29,1804289383,-75.99,0.2121,0.4058,9,9
2025-08-28T12:23:06.464568,29,846930886,-96.02,0.0883,0.4512,7,3
2025-08-28T12:23:06.464568,29,1681692777,-40.91,0.3839,0.0770,22,16
2025-08-28T12:23:06.464568,29,1714636915,-39.28,0.8438,0.2166,20,1
2025-08-28T12:23:06.465860,10,1804289383,-99.94,0.5912,0.6791,19,20
2025-08-28T12:23:06.465860,10,846930886,-70.39,0.3177,0.6303,22,9
2025-08-28T12:23:06.465860,10,1681692777,-92.76,0.7082,0.7865,12,3
2025-08-28T12:23:06.465860,10,1714636915,-71.55,0.3606,0.0506,23,23
2025-08-28T12:23:06.466940,67,1804289383,-108.13,0.6270,0.1659,13,23
2025-08-28T12:23:06.466940,67,846930886,-85.67,0.3353,0.5195,15,0
2025-08-28T12:23:06.466940,67,1681692777,-94.76,0.9345,0.2695,19,0
2025-08-28T12:23:06.466940,67,1714636915,-84.03,0.5700,0.1185,2,15
2025-08-28T12:23:06.467924,4,1804289383,-53.27,0.7373,0.2232,0,9
2025-08-28T12:23:06.467924,4,846930886,-106.62,0.7179,0.4664,27,11
2025-08-28T12:23:06.467924,4,1681692777,-74.65,0.7608,0.2589,10,23
2025-08-28T12:23:06.467924,4,1714636915,-58.81,0.7888,0.9925,12,19
2025-08-28T12:23:06.468895,35,1804289383,-116.54,0.6488,0.2966,4,9
2025-08-28T12:23:06.468895,35,846930886,-38.26,0.1532,0.8721,18,5
2025-08-28T12:23:06.468895,35,1681692777,-59.27,0.5547,0.3271,16,21
2025-08-28T12:23:06.468895,35,1714636915,-115.53,0.3252,0.0031,20,1
2025-08-28T12:23:06.955043,54,1804289383,-92.14,0.6770,0.7915,15,27
2025-08-28T12:23:06.955043,54,846930886,-24.04,0.2711,0.5575,12,3
2025-08-28T12:23:06.955043,54,1681692777,-106.16,0.6084,0.6119,3,7
2025-08-28T12:23:06.955043,54,1714636915,-90.41,0.2916,0.9929,27,9
2025-08-28T12:23:06.956632,60,1804289383,-81.27,0.7226,0.5402,16,3
2025-08-28T12:23:06.956632,60,846930886,-91.65,0.3904,0.6782,11,3
2025-08-28T12:23:06.956632,60,1681692777,-43.77,0.9606,0.5199,0,8
2025-08-28T12:23:06.956632,60,1714636915,-114.02,0.0334,0.4637,23,25
2025-08-28T12:23:06.957901,100,1804289383,-41.10,0.9606,0.7060,0,22
2025-08-28T12:23:06.957901,100,846930886,-80.69,0.7819,0.7350,20,18
2025-08-28T12:23:06.957901,100,1681692777,-22.72,0.1157,0.2550,17,2
2025-08-28T12:23:06.957901,100,1714636915,-79.61,0.3633,0.4274,0,15
2025-08-28T12:23:06.959401,97,1804289383,-92.93,0.6115,0.6734,5,15
2025-08-28T12:23:06.959401,97,846930886,-114.46,0.7344,0.7716,9,11
2025-08-28T12:23:06.959401,97,1681692777,-97.13,0.0160,0.0079,16,14
2025-08-28T12:23:06.959401,97,1714636915,-80.14,0.0106,0.1900,21,5
2025-08-28T12:23:06.960454,43,1804289383,-93.64,0.9804,0.7484,23,16
2025-08-28T12:23:06.960454,43,846930886,-99.67,0.6910,0.5047,4,0
2025-08-28T12:23:06.960454,43,1681692777,-106.02,0.8148,0.2756,2,8
2025-08-28T12:23:06.960454,43,1714636915,-116.22,0.8742,0.2981,13,6
2025-08-28T12:23:06.961500,44,1804289383,-69.12,0.1840,0.9666,7,25
2025-08-28T12:23:06.961500,44,846930886,-49.73,0.6989,0.5881,23,2
2025-08-28T12:23:06.961500,44,1681692777,-83.40,0.6830,0.2228,18,24
2025-08-28T12:23:06.961500,44,1714636915,-66.22,0.0571,0.2884,16,20
2025-08-28T12:23:06.962593,8,1804289383,-32.08,0.9348,0.2974,1,16
2025-08-28T12:23:06.962593,8,846930886,-85.24,0.1773,0.9550,26,3
2025-08-28T12:23:06.962593,8,1681692777,-68.24,0.5316,0.8819,1,16
2025-08-28T12:23:06.962593,8,1714636915,-63.82,0.2165,0.3091,7,14
2025-08-28T12:23:06.963859,78,1804289383,-117.14,0.9138,0.7775,23,22
2025-08-28T12:23:06.963859,78,846930886,-70.62,0.3170,0.7861,13,1
2025-08-28T12:23:06.963859,78,1681692777,-118.21,0.4287,0.7720,1,13
2025-08-28T12:23:06.963859,78,1714636915,-90.89,0.1953,0.3009,27,4
2025-08-28T12:23:06.965027,7,1804289383,-65.63,0.9924,0.8273,6,22
2025-08-28T12:23:06.965027,7,846930886,-46.53,0.8528,0.4133,17,3
2025-08-28T12:23:06.965027,7,1681692777,-51.32,0.6484,0.0419,23,6
2025-08-28T12:23:06.965027,7,1714636915,-82.97,0.0038,0.6827,7,16
2025-08-28T12:23:06.966286,56,1804289383,-105.52,0.2504,0.8393,14,16
2025-08-28T12:23:06.966286,56,846930886,-105.49,0.4457,0.4850,19,18
2025-08-28T12:23:06.966286,56,1681692777,-34.86,0.1375,0.5826,11,23
2025-08-28T12:23:06.966286,56,1714636915,-83.90,0.7042,0.4023,18,4
2025-08-28T12:23:06.967521,6,1804289383,-29.39,0.0104,0.7472,19,14
2025-08-28T12:23:06.967521,6,846930886,-97.05,0.5888,0.2572,16,1
2025-08-28T12:23:06.967521,6,1681692777,-99.91,0.4798,0.2496,7,2
2025-08-28T12:23:06.967521,6,1714636915,-77.07,0.6466,0.1587,5,23
2025-08-28T12:23:06.968585,0,1804289383,-64.43,0.9845,0.3178,13,17
2025-08-28T12:23:06.968585,0,846930886,-20.94,0.9580,0.9718,23,15
2025-08-28T12:23:06.968585,0,1681692777,-31.28,0.0010,0.7657,24,14
2025-08-28T12:23:06.968585,0,1714636915,-45.38,0.4761,0.1451,3,26
2025-08-28T12:23:07.455705,31,1804289383,-30.03,0.1359,0.4022,4,0
2025-08-28T12:23:07.455705,31,846930886,-74.93,0.0584,0.8494,15,1
2025-08-28T12:23:07.455705,31,1681692777,-22.81,0.4352,0.8426,21,9
2025-08-28T12:23:07.455705,31,1714636915,-34.48,0.9299,0.0177,7,14
2025-08-28T12:23:07.457303,74,1804289383,-45.58,0.7140,0.8861,5,13
2025-08-28T12:23:07.457303,74,846930886,-95.15,0.8893,0.9770,19,5
2025-08-28T12:23:07.457303,74,1681692777,-109.73,0.3845,0.4927,5,4
2025-08-28T12:23:07.457303,74,1714636915,-20.78,0.1611,0.6541,1,25
2025-08-28T12:23:07.458378,11,1804289383,-72.67,0.5285,0.0421,26,13
2025-08-28T12:23:07.458378,11,846930886,-27.96,0.4910,0.2482,9,26
2025-08-28T12:23:07.458378,11,1681692777,-35.14,0.6345,0.3759,2,20
2025-08-28T12:23:07.458378,11,1714636915,-21.34,0.7379,0.8422,23,27
2025-08-28T12:23:07.459422,25,1804289383,-102.43,0.3212,0.1478,16,6
2025-08-28T12:23:07.459422,25,846930886,-20.52,0.8297,0.8549,4,12
2025-08-28T12:23:07.459422,25,1681692777,-44.44,0.5233,0.9421,22,3
2025-08-28T12:23:07.459422,25,1714636915,-36.54,0.2466,0.1645,0,14
2025-08-28T12:23:07.460390,12,1804289383,-86.58,0.1123,0.1176,12,13
2025-08-28T12:23:07.460390,12,846930886,-51.61,0.1764,0.8371,8,6
2025-08-28T12:23:07.460390,12,1681692777,-81.62,0.0051,0.3694,4,7
2025-08-28T12:23:07.460390,12,1714636915,-52.69,0.2135,0.7227,9,22
2025-08-28T12:23:07.461676,9,1804289383,-108.73,0.0556,0.7606,1,20
2025-08-28T12:23:07.461676,9,846930886,-45.64,0.2773,0.8043,14,18
2025-08-28T12:23:07.461676,9,1681692777,-59.25,0.8559,0.6638,7,21
2025-08-28T12:23:07.461676,9,1714636915,-99.68,0.7840,0.5434,6,14
2025-08-28T12:23:07.463057,0,1804289383,-112.38,0.3749,0.1353,26,21
2025-08-28T12:23:07.463057,0,846930886,-73.78,0.7989,0.7263,22,2
2025-08-28T12:23:07.463057,0,1681692777,-116.46,0.5178,0.5645,14,15
2025-08-28T12:23:07.463057,0,1714636915,-88.48,0.3127,0.2918,12,22
2025-08-28T12:23:07.464158,49,1804289383,-32.25,0.5228,0.1726,26,24
2025-08-28T12:23:07.464158,49,846930886,-23.79,0.4209,0.2454,13,10
2025-08-28T12:23:07.464158,49,1681692777,-67.01,0.3370,0.3078,19,7
2025-08-28T12:23:07.464158,49,1714636915,-108.12,0.3288,0.1165,2,13
2025-08-28T12:23:07.465298,60,1804289383,-107.59,0.6972,0.0746,25,9
2025-08-28T12:23:07.465298,60,846930886,-95.37,0.4160,0.5840,19,3
2025-08-28T12:23:07.465298,60,1681692777,-56.73,0.7691,0.1537,24,21
2025-08-28T12:23:07.465298,60,1714636915,-112.76,0.0536,0.0566,21,14
2025-08-28T12:23:07.466321,26,1804289383,-40.05,0.5338,0.0402,26,6
2025-08-28T12:23:07.466321,26,846930886,-69.84,0.9160,0.3092,3,14
2025-08-28T12:23:07.466321,26,1681692777,-113.00,0.1988,0.0298,14,7
2025-08-28T12:23:07.466321,26,1714636915,-53.66,0.4860,0.0516,19,18
2025-08-28T12:23:07.467342,72,1804289383,-95.62,0.6207,0.4394,26,21
2025-08-28T12:23:07.467342,72,846930886,-48.09,0.3005,0.8034,21,18
2025-08-28T12:23:07.467342,72,1681692777,-118.77,0.2529,0.8510,3,21
2025-08-28T12:23:07.467342,72,1714636915,-47.84,0.9282,0.7526,27,21
2025-08-28T12:23:07.468393,6,1804289383,-81.20,0.9132,0.7684,17,12
2025-08-28T12:23:07.468393,6,846930886,-47.86,0.4396,0.9937,6,9
2025-08-28T12:23:07.468393,6,1681692777,-52.99,0.3421,0.6858,1,24
2025-08-28T12:23:07.468393,6,1714636915,-30.21,0.9706,0.8766,24,9
2025-08-28T12:23:07.956301,70,1804289383,-60.59,0.6323,0.1016,4,26
2025-08-28T12:23:07.956301,70,846930886,-28.67,0.3466,0.5740,15,20
2025-08-28T12:23:07.956301,70,1681692777,-31.76,0.8264,0.8135,9,23
2025-08-28T12:23:07.956301,70,1714636915,-41.07,0.3220,0.1504,3,5
2025-08-28T12:23:07.958500,10,1804289383,-99.54,0.2542,0.2468,2,5
2025-08-28T12:23:07.958500,10,846930886,-20.13,0.0811,0.3309,3,25
2025-08-28T12:23:07.958500,10,1681692777,-112.42,0.6310,0.2721,14,4
2025-08-28T12:23:07.958500,10,1714636915,-98.48,0.4224,0.0573,10,7
2025-08-28T12:23:07.959713,33,1804289383,-100.17,0.2809,0.4341,17,25
2025-08-28T12:23:07.959713,33,846930886,-87.55,0.3487,0.1381,17,2
2025-08-28T12:23:07.959713,33,1681692777,-72.59,0.5787,0.1722,6,9
2025-08-28T12:23:07.959713,33,1714636915,-81.18,0.5552,0.3426,3,0
2025-08-28T12:23:07.960774,44,1804289383,-69.74,0.9978,0.9000,26,19
2025-08-28T12:23:07.960774,44,846930886,-41.01,0.5599,0.5151,25,19
2025-08-28T12:23:07.960774,44,1681692777,-44.50,0.0708,0.5456,25,7
2025-08-28T12:23:07.960774,44,1714636915,-57.38,0.1038,0.5577,4,27
2025-08-28T12:23:07.962123,84,1804289383,-98.34,0.2013,0.3013,17,17
2025-08-28T12:23:07.962123,84,846930886,-61.77,0.5592,0.9790,17,16
2025-08-28T12:23:07.962123,84,1681692777,-69.92,0.5801,0.2835,24,5
2025-08-28T12:23:07.962123,84,1714636915,-80.42,0.0607,0.3950,6,11
2025-08-28T12:23:07.963437,98,1804289383,-31.38,0.7179,0.7067,24,5
2025-08-28T12:23:07.963437,98,846930886,-36.04,0.4440,0.6458,17,12
2025-08-28T12:23:07.963437,98,1681692777,-113.26,0.0409,0.5725,19,7
2025-08-28T12:23:07.963437,98,1714636915,-118.86,0.6266,0.6107,4,15
2025-08-28T12:23:07.964493,28,1804289383,-72.85,0.2937,0.1098,23,27
2025-08-28T12:23:07.964493,28,846930886,-85.73,0.8666,0.2954,18,25
2025-08-28T12:23:07.964493,28,1681692777,-55.17,0.0605,0.5250,18,22
2025-08-28T12:23:07.964493,28,1714636915,-102.48,0.0922,0.7260,13,3
2025-08-28T12:23:07.965517,47,1804289383,-35.21,0.9360,0.6441,11,17
2025-08-28T12:23:07.965517,47,846930886,-91.91,0.4586,0.3765,7,1
2025-08-28T12:23:07.965517,47,1681692777,-76.03,0.5746,0.1773,19,25
2025-08-28T12:23:07.965517,47,1714636915,-50.96,0.3062,0.7696,23,26
2025-08-28T12:23:07.966700,75,1804289383,-36.89,0.6495,0.1799,22,11
2025-08-28T12:23:07.966700,75,846930886,-56.45,0.5570,0.1602,23,12
2025-08-28T12:23:07.966700,75,1681692777,-97.58,0.5715,0.7779,10,26
2025-08-28T12:23:07.966700,75,1714636915,-87.04,0.6828,0.3131,20,14
2025-08-28T12:23:07.967745,53,1804289383,-82.16,0.9277,0.7209,0,7
2025-08-28T12:23:07.967745,53,846930886,-104.83,0.1480,0.9658,6,13
2025-08-28T12:23:07.967745,53,1681692777,-65.22,0.8013,0.8595,8,17
2025-08-28T12:23:07.967745,53,1714636915,-43.29,0.1049,0.9466,0,26
2025-08-28T12:23:07.968822,24,1804289383,-92.49,0.0166,0.5471,8,0
2025-08-28T12:23:07.968822,24,846930886,-21.98,0.5883,0.3949,7,17
2025-08-28T12:23:07.968822,24,1681692777,-52.25,0.9079,0.5905,7,27
2025-08-28T12:23:07.968822,24,1714636915,-43.06,0.8255,0.1491,23,8
2025-08-28T12:23:07.970259,2,1804289383,-84.31,0.3645,0.4137,18,12
2025-08-28T12:23:07.970259,2,846930886,-44.27,0.3035,0.2632,22,12
2025-08-28T12:23:07.970259,2,1681692777,-32.31,0.7738,0.1735,2,10
2025-08-28T12:23:07.970259,2,1714636915,-81.65,0.4651,0.2339,26,3
2025-08-28T12:23:08.456889,12,1804289383,-72.53,0.9251,0.2104,2,1
2025-08-28T12:23:08.456889,12,846930886,-65.90,0.6238,0.3121,17,5
2025-08-28T12:23:08.456889,12,1681692777,-96.03,0.9055,0.9034,0,20
2025-08-28T12:23:08.456889,12,1714636915,-102.07,0.5432,0.6647,27,12
2025-08-28T12:23:08.458590,92,1804289383,-40.79,0.3430,0.1433,19,6
2025-08-28T12:23:08.458590,92,846930886,-25.69,0.0261,0.1299,26,12
2025-08-28T12:23:08.458590,92,1681692777,-30.40,0.8682,0.7695,22,11
2025-08-28T12:23:08.458590,92,1714636915,-85.37,0.5198,0.7230,25,0
2025-08-28T12:23:08.459967,92,1804289383,-54.66,0.9129,0.8454,25,3
2025-08-28T12:23:08.459967,92,846930886,-64.18,0.3181,0.5142,14,8
2025-08-28T12:23:08.459967,92,1681692777,-94.06,0.9012,0.7279,15,4
2025-08-28T12:23:08.459967,92,1714636915,-92.06,0.2854,0.7774,10,1
2025-08-28T12:23:08.461195,41,1804289383,-64.15,0.6140,0.0947,0,23
2025-08-28T12:23:08.461195,41,846930886,-57.59,0.2815,0.7657,2,6
2025-08-28T12:23:08.461195,41,1681692777,-52.91,0.5370,0.7327,22,0
2025-08-28T12:23:08.461195,41,1714636915,-52.05,0.9890,0.3861,9,0
2025-08-28T12:23:08.462469,82,1804289383,-97.18,0.3014,0.1127,11,12
2025-08-28T12:23:08.462469,82,846930886,-95.73,0.0056,0.9171,16,1
2025-08-28T12:23:08.462469,82,1681692777,-57.68,0.8566,0.2991,22,12
2025-08-28T12:23:08.462469,82,1714636915,-66.23,0.9047,0.0416,25,4
2025-08-28T12:23:08.464050,61,1804289383,-25.34,0.5247,0.7300,22,8
2025-08-28T12:23:08.464050,61,846930886,-90.75,0.3327,0.3255,8,8
2025-08-28T12:23:08.464050,61,1681692777,-106.57,0.5939,0.2987,3,21
2025-08-28T12:23:08.464050,61,1714636915,-26.04,0.1400,0.1488,21,20
2025-08-28T12:23:08.465361,70,1804289383,-112.78,0.6434,0.8367,6,24
2025-08-28T12:23:08.465361,70,846930886,-66.66,0.1138,0.0947,3,4
2025-08-28T12:23:08.465361,70,1681692777,-108.41,0.0581,0.9029,5,8
2025-08-28T12:23:08.465361,70,1714636915,-28.56,0.4486,0.0296,14,6
2025-08-28T12:23:08.466580,64,1804289383,-46.00,0.9333,0.0700,0,13
2025-08-28T12:23:08.466580,64,846930886,-64.57,0.8888,0.5698,1,16
2025-08-28T12:23:08.466580,64,1681692777,-76.18,0.1977,0.9389,7,10
2025-08-28T12:23:08.466580,64,1714636915,-98.64,0.5521,0.8494,18,2
2025-08-28T12:23:08.467934,76,1804289383,-22.42,0.6280,0.1347,10,16
2025-08-28T12:23:08.467934,76,846930886,-98.22,0.0053,0.1642,6,5
2025-08-28T12:23:08.467934,76,1681692777,-78.76,0.1511,0.0111,21,12
2025-08-28T12:23:08.467934,76,1714636915,-42.47,0.3012,0.3512,5,5
2025-08-28T12:23:08.469302,63,1804289383,-47.23,0.3423,0.1555,14,20
2025-08-28T12:23:08.469302,63,846930886,-76.74,0.5771,0.2362,10,26
2025-08-28T12:23:08.469302,63,1681692777,-71.64,0.0606,0.7304,6,22
2025-08-28T12:23:08.469302,63,1714636915,-66.85,0.4890,0.4746,16,27
2025-08-28T12:23:08.470572,7,1804289383,-73.60,0.4410,0.5596,27,26
2025-08-28T12:23:08.470572,7,846930886,-93.58,0.8152,0.4374,13,6
2025-08-28T12:23:08.470572,7,1681692777,-106.18,0.6065,0.6880,22,23
2025-08-28T12:23:08.470572,7,1714636915,-37.18,0.7152,0.8653,4,19
2025-08-28T12:23:08.472093,83,1804289383,-100.08,0.0415,0.8568,3,0
2025-08-28T12:23:08.472093,83,846930886,-42.42,0.6738,0.8866,14,26
2025-08-28T12:23:08.472093,83,1681692777,-116.67,0.2168,0.3805,15,3
2025-08-28T12:23:08.472093,83,1714636915,-69.45,0.8485,0.3164,10,7
2025-08-28T12:23:08.957364,66,1804289383,-45.89,0.0689,0.8650,8,1
2025-08-28T12:23:08.957364,66,846930886,-30.87,0.6065,0.2926,17,7
2025-08-28T12:23:08.957364,66,1681692777,-81.94,0.9327,0.8365,2,4
2025-08-28T12:23:08.957364,66,1714636915,-24.19,0.0544,0.1745,24,24
2025-08-28T12:23:08.959301,35,1804289383,-114.62,0.2558,0.7771,4,11
2025-08-28T12:23:08.959301,35,846930886,-119.35,0.3702,0.0026,12,18
2025-08-28T12:23:08.959301,35,1681692777,-34.43,0.0754,0.9621,27,5
2025-08-28T12:23:08.959301,35,1714636915,-76.65,0.4621,0.8325,7,0
2025-08-28T12:23:08.960597,44,1804289383,-54.58,0.2783,0.3945,15,22
2025-08-28T12:23:08.960597,44,846930886,-87.58,0.8287,0.4187,3,13
2025-08-28T12:23:08.960597,44,1681692777,-55.26,0.5801,0.3496,20,13
2025-08-28T12:23:08.960597,44,1714636915,-21.83,0.0176,0.0797,22,17
2025-08-28T12:23:08.962053,60,1804289383,-60.30,0.0767,0.0500,3,2
2025-08-28T12:23:08.962053,60,846930886,-24.61,0.4295,0.0525,13,4
2025-08-28T12:23:08.962053,60,1681692777,-112.70,0.2322,0.8378,20,4
2025-08-28T12:23:08.962053,60,1714636915,-58.91,0.9016,0.1114,23,9
2025-08-28T12:23:08.963654,69,1804289383,-93.18,0.8237,0.3524,22,8
2025-08-28T12:23:08.963654,69,846930886,-71.54,0.3479,0.7805,3,19
2025-08-28T12:23:08.963654,69,1681692777,-76.54,0.5613,0.5922,15,14
2025-08-28T12:23:08.963654,69,1714636915,-114.19,0.8640,0.2328,7,2
2025-08-28T12:23:08.964774,61,1804289383,-21.69,0.1452,0.7246,20,7
2025-08-28T12:23:08.964774,61,846930886,-109.97,0.0946,0.0428,22,6
2025-08-28T12:23:08.964774,61,1681692777,-69.80,0.9240,0.1520,18,12
2025-08-28T12:23:08.964774,61,1714636915,-119.34,0.8499,0.5033,22,2
2025-08-28T12:23:08.965829,18,1804289383,-45.19,0.9842,0.7754,20,19
2025-08-28T12:23:08.965829,18,846930886,-25.32,0.9810,0.1466,26,13
2025-08-28T12:23:08.965829,18,1681692777,-77.99,0.0920,0.3571,19,5
2025-08-28T12:23:08.965829,18,1714636915,-111.64,0.5147,0.5668,21,9
2025-08-28T12:23:08.966814,44,1804289383,-46.96,0.4662,0.3026,9,6
2025-08-28T12:23:08.966814,44,846930886,-65.54,0.2337,0.9947,3,17
2025-08-28T12:23:08.966814,44,1681692777,-88.93,0.5288,0.3500,27,4
2025-08-28T12:23:08.966814,44,1714636915,-26.37,0.2916,0.7640,8,24
2025-08-28T12:23:08.967937,89,1804289383,-64.78,0.2813,0.6210,6,25
2025-08-28T12:23:08.967937,89,846930886,-75.01,0.1190,0.3483,14,10
2025-08-28T12:23:08.967937,89,1681692777,-111.37,0.9161,0.2222,8,19
2025-08-28T12:23:08.967937,89,1714636915,-28.07,0.3200,0.8988,16,0
2025-08-28T12:23:08.968995,0,1804289383,-113.46,0.2446,0.7720,2,8
2025-08-28T12:23:08.968995,0,846930886,-21.22,0.8294,0.1703,1,27
2025-08-28T12:23:08.968995,0,1681692777,-44.92,0.2692,0.6514,24,24
2025-08-28T12:23:08.968995,0,1714636915,-96.30,0.8699,0.8820,19,1
2025-08-28T12:23:08.970046,73,1804289383,-114.28,0.0118,0.3242,7,27
2025-08-28T12:23:08.970046,73,846930886,-66.11,0.9560,0.3058,0,23
2025-08-28T12:23:08.970046,73,1681692777,-38.06,0.7835,0.1894,27,7
2025-08-28T12:23:08.970046,73,1714636915,-95.91,0.6488,0.1878,25,27
2025-08-28T12:23:08.971104,53,1804289383,-115.62,0.3305,0.1372,17,5
2025-08-28T12:23:08.971104,53,846930886,-40.34,0.9259,0.3546,27,13
2025-08-28T12:23:08.971104,53,1681692777,-63.52,0.8083,0.4880,3,24
2025-08-28T12:23:08.971104,53,1714636915,-52.88,0.5208,0.5006,3,23
2025-08-28T12:23:08.972255,17,1804289383,-72.78,0.1276,0.0739,22,20
2025-08-28T12:23:08.972255,17,846930886,-79.82,0.6600,0.6216,5,12
2025-08-28T12:23:08.972255,17,1681692777,-102.45,0.7323,0.1836,27,10
2025-08-28T12:23:08.972255,17,1714636915,-21.28,0.1014,0.2045,15,11
2025-08-28T12:23:09.458264,51,1804289383,-20.97,0.7532,0.2769,24,1
2025-08-28T12:23:09.458264,51,846930886,-46.40,0.4909,0.5568,0,11
2025-08-28T12:23:09.458264,51,1681692777,-71.63,0.8636,0.8193,9,2
2025-08-28T12:23:09.458264,51,1714636915,-25.62,0.1437,0.8659,16,23
2025-08-28T12:23:09.462217,79,1804289383,-67.40,0.3736,0.1731,4,13
2025-08-28T12:23:09.462217,79,846930886,-66.03,0.7305,0.5514,2,9
2025-08-28T12:23:09.462217,79,1681692777,-86.28,0.2930,0.7194,21,13
2025-08-28T12:23:09.462217,79,1714636915,-94.69,0.8281,0.7353,17,9
2025-08-28T12:23:09.464213,91,1804289383,-83.90,0.3928,0.2304,0,8
2025-08-28T12:23:09.464213,91,846930886,-63.58,0.2269,0.8786,12,25
2025-08-28T12:23:09.464213,91,1681692777,-111.92,0.9378,0.3976,5,23
2025-08-28T12:23:09.464213,91,1714636915,-98.82,0.8113,0.0534,11,21
2025-08-28T12:23:09.465731,41,1804289383,-51.67,0.9732,0.7375,9,8
2025-08-28T12:23:09.465731,41,846930886,-106.09,0.4186,0.7435,16,24
2025-08-28T12:23:09.465731,41,1681692777,-97.89,0.5319,0.3958,20,21
2025-08-28T12:23:09.465731,41,1714636915,-86.59,0.4480,0.3454,7,18
2025-08-28T12:23:09.466925,57,1804289383,-42.60,0.0702,0.9810,24,17
2025-08-28T12:23:09.466925,57,846930886,-115.39,0.8274,0.9541,25,7
2025-08-28T12:23:09.466925,57,1681692777,-105.78,0.0193,0.9653,18,10
2025-08-28T12:23:09.466925,57,1714636915,-53.00,0.5609,0.2532,15,6
2025-08-28T12:23:09.468251,54,1804289383,-53.13,0.1221,0.3344,6,20
2025-08-28T12:23:09.468251,54,846930886,-74.50,0.0141,0.2262,26,23
2025-08-28T12:23:09.468251,54,1681692777,-92.79,0.5252,0.8952,20,19
2025-08-28T12:23:09.468251,54,1714636915,-46.64,0.0995,0.2216,17,15
2025-08-28T12:23:09.469319,55,1804289383,-93.74,0.2925,0.8228,1,3
2025-08-28T12:23:09.469319,55,846930886,-109.01,0.5158,0.4934,18,16
2025-08-28T12:23:09.469319,55,1681692777,-83.59,0.2320,0.9635,6,18
2025-08-28T12:23:09.469319,55,1714636915,-99.91,0.3782,0.3503,23,21
2025-08-28T12:23:09.470447,63,1804289383,-20.64,0.1877,0.1205,17,13
2025-08-28T12:23:09.470447,63,846930886,-65.28,0.2152,0.6087,26,1
2025-08-28T12:23:09.470447,63,1681692777,-57.58,0.8397,0.7186,6,18
2025-08-28T12:23:09.470447,63,1714636915,-98.78,0.1400,0.1565,2,11
2025-08-28T12:23:09.471795,51,1804289383,-63.17,0.7325,0.2160,3,11
2025-08-28T12:23:09.471795,51,846930886,-31.34,0.9185,0.6793,19,27
2025-08-28T12:23:09.471795,51,1681692777,-80.10,0.0743,0.8874,5,9
2025-08-28T12:23:09.471795,51,1714636915,-54.55,0.6143,0.5582,24,23
2025-08-28T12:23:09.472868,12,1804289383,-104.27,0.2287,0.5440,0,7
2025-08-28T12:23:09.472868,12,846930886,-74.70,0.3139,0.5431,26,2
2025-08-28T12:23:09.472868,12,1681692777,-64.45,0.1854,0.3817,9,8
2025-08-28T12:23:09.472868,12,1714636915,-33.76,0.4740,0.3431,3,9
2025-08-28T12:23:09.473891,91,1804289383,-31.38,0.1283,0.1476,9,9
2025-08-28T12:23:09.473891,91,846930886,-92.81,0.4444,0.8902,17,23
2025-08-28T12:23:09.473891,91,1681692777,-65.82,0.5006,0.9082,0,4
2025-08-28T12:23:09.473891,91,1714636915,-115.49,0.8557,0.3745,16,20
2025-08-28T12:23:09.474983,51,1804289383,-30.56,0.4031,0.9173,5,6
2025-08-28T12:23:09.474983,51,846930886,-56.77,0.2375,0.2414,0,15
2025-08-28T12:23:09.474983,51,1681692777,-113.56,0.7606,0.1336,19,18
2025-08-28T12:23:09.474983,51,1714636915,-103.26,0.5087,0.8866,3,4
2025-08-28T12:23:09.475944,92,1804289383,-70.06,0.7811,0.8129,16,25
2025-08-28T12:23:09.475944,92,846930886,-51.00,0.8739,0.4184,14,14
2025-08-28T12:23:09.475944,92,1681692777,-65.67,0.0932,0.1531,15,27
2025-08-28T12:23:09.475944,92,1714636915,-102.33,0.7808,0.7136,27,19
2025-08-28T12:23:09.958074,70,1804289383,-26.63,0.9004,0.9561,9,20
2025-08-28T12:23:09.958074,70,846930886,-86.22,0.8203,0.9632,4,4
2025-08-28T12:23:09.958074,70,1681692777,-106.94,0.1189,0.9042,8,20
2025-08-28T12:23:09.958074,70,1714636915,-93.71,0.0045,0.9106,1,5
2025-08-28T12:23:09.960069,53,1804289383,-37.18,0.3933,0.1028,21,27
2025-08-28T12:23:09.960069,53,846930886,-54.97,0.5417,0.1145,6,14
2025-08-28T12:23:09.960069,53,1681692777,-21.45,0.5507,0.3896,23,5
2025-08-28T12:23:09.960069,53,1714636915,-100.77,0.8057,0.3098,25,12
2025-08-28T12:23:09.961181,66,1804289383,-39.67,0.8013,0.0716,24,3
2025-08-28T12:23:09.961181,66,846930886,-88.37,0.7139,0.6370,4,12
2025-08-28T12:23:09.961181,66,1681692777,-37.89,0.7097,0.3761,4,27
2025-08-28T12:23:09.961181,66,1714636915,-29.00,0.3629,0.7619,3,17
2025-08-28T12:23:09.962689,70,1804289383,-39.27,0.1860,0.7992,18,0
2025-08-28T12:23:09.962689,70,846930886,-69.81,0.1171,0.2327,6,3
2025-08-28T12:23:09.962689,70,1681692777,-85.28,0.3032,0.1297,11,27
2025-08-28T12:23:09.962689,70,1714636915,-67.79,0.0611,0.3143,15,5
2025-08-28T12:23:09.964842,22,1804289383,-32.08,0.7106,0.1284,3,25
2025-08-28T12:23:09.964842,22,846930886,-91.24,0.6411,0.8802,6,3
2025-08-28T12:23:09.964842,22,1681692777,-105.18,0.4736,0.2539,3,14
2025-08-28T12:23:09.964842,22,1714636915,-83.93,0.2653,0.7468,22,6
2025-08-28T12:23:09.967556,72,1804289383,-85.87,0.4531,0.6379,16,1
2025-08-28T12:23:09.967556,72,846930886,-116.66,0.6555,0.1811,3,18
2025-08-28T12:23:09.967556,72,1681692777,-90.79,0.7440,0.0911,18,12
2025-08-28T12:23:09.967556,72,1714636915,-33.00,0.9332,0.5945,15,2
2025-08-28T12:23:09.968571,14,1804289383,-34.23,0.6419,0.0835,27,7
2025-08-28T12:23:09.968571,14,846930886,-52.78,0.6045,0.8615,7,13
2025-08-28T12:23:09.968571,14,1681692777,-33.33,0.1253,0.5331,19,22
2025-08-28T12:23:09.968571,14,1714636915,-93.45,0.5222,0.9653,0,25
2025-08-28T12:23:09.969660,59,1804289383,-47.62,0.5761,0.6703,11,26
2025-08-28T12:23:09.969660,59,846930886,-20.85,0.3183,0.0286,25,16
2025-08-28T12:23:09.969660,59,1681692777,-97.00,0.6334,0.3372,10,25
2025-08-28T12:23:09.969660,59,1714636915,-84.17,0.8345,0.9956,18,14
2025-08-28T12:23:09.970717,53,1804289383,-93.22,0.2628,0.3877,5,14
2025-08-28T12:23:09.970717,53,846930886,-80.50,0.2331,0.7604,22,9
2025-08-28T12:23:09.970717,53,1681692777,-70.62,0.9711,0.2815,9,22
2025-08-28T12:23:09.970717,53,1714636915,-32.36,0.8121,0.1582,13,18
2025-08-28T12:23:09.971964,15,1804289383,-55.61,0.4030,0.7605,12,0
2025-08-28T12:23:09.971964,15,846930886,-87.53,0.6395,0.4473,12,8
2025-08-28T12:23:09.971964,15,1681692777,-100.13,0.5875,0.5482,3,12
2025-08-28T12:23:09.971964,15,1714636915,-34.69,0.4318,0.8428,11,24
2025-08-28T12:23:09.973118,47,1804289383,-24.61,0.3244,0.1065,13,5
2025-08-28T12:23:09.973118,47,846930886,-21.56,0.1121,0.0858,21,20
2025-08-28T12:23:09.973118,47,1681692777,-96.06,0.3875,0.4031,17,22
2025-08-28T12:23:09.973118,47,1714636915,-87.72,0.8789,0.9239,27,4
2025-08-28T12:23:09.974210,77,1804289383,-20.73,0.5876,0.0535,10,2
2025-08-28T12:23:09.974210,77,846930886,-67.17,0.8355,0.8989,21,13
2025-08-28T12:23:09.974210,77,1681692777,-52.30,0.8527,0.5548,18,11
2025-08-28T12:23:09.974210,77,1714636915,-74.21,0.7891,0.1478,24,27
2025-08-28T12:23:09.975304,78,1804289383,-87.81,0.8347,0.9828,24,3
2025-08-28T12:23:09.975304,78,846930886,-29.90,0.2458,0.1555,4,23
2025-08-28T12:23:09.975304,78,1681692777,-114.14,0.4886,0.1542,10,4
2025-08-28T12:23:09.975304,78,1714636915,-103.23,0.8941,0.4332,23,12
2025-08-28T12:23:10.458719,83,1804289383,-111.75,0.8972,0.8333,12,2
2025-08-28T12:23:10.458719,83,846930886,-114.59,0.2303,0.8285,3,0
2025-08-28T12:23:10.458719,83,1681692777,-20.42,0.8888,0.9565,8,18
2025-08-28T12:23:10.458719,83,1714636915,-48.08,0.2416,0.8771,26,19
2025-08-28T12:23:10.460670,92,1804289383,-45.78,0.4964,0.0015,15,26
2025-08-28T12:23:10.460670,92,846930886,-96.20,0.1754,0.3035,10,24
2025-08-28T12:23:10.460670,92,1681692777,-79.36,0.1352,0.1651,18,23
2025-08-28T12:23:10.460670,92,1714636915,-35.85,0.6368,0.3343,12,12
2025-08-28T12:23:10.461940,97,1804289383,-74.82,0.5670,0.0039,1,11
2025-08-28T12:23:10.461940,97,846930886,-61.23,0.3289,0.1043,21,6
2025-08-28T12:23:10.461940,97,1681692777,-114.57,0.0840,0.2733,8,12
2025-08-28T12:23:10.461940,97,1714636915,-79.31,0.2297,0.5234,24,22
2025-08-28T12:23:10.463643,89,1804289383,-115.21,0.7265,0.2537,25,25
2025-08-28T12:23:10.463643,89,846930886,-69.91,0.3821,0.3555,11,16
2025-08-28T12:23:10.463643,89,1681692777,-66.23,0.0679,0.3941,6,12
2025-08-28T12:23:10.463643,89,1714636915,-97.28,0.8666,0.5574,21,3
2025-08-28T12:23:10.464784,39,1804289383,-66.89,0.4117,0.9238,8,18
2025-08-28T12:23:10.464784,39,846930886,-48.50,0.0545,0.9876,9,6
2025-08-28T12:23:10.464784,39,1681692777,-62.25,0.4415,0.1555,14,1
2025-08-28T12:23:10.464784,39,1714636915,-65.31,0.9596,0.3110,0,2
2025-08-28T12:23:10.465881,77,1804289383,-113.21,0.7440,0.9345,25,0
2025-08-28T12:23:10.465881,77,846930886,-26.05,0.6252,0.6109,2,27
2025-08-28T12:23:10.465881,77,1681692777,-74.68,0.3512,0.4186,9,24
2025-08-28T12:23:10.465881,77,1714636915,-91.29,0.5077,0.9195,25,9
2025-08-28T12:23:10.466855,65,1804289383,-51.59,0.5650,0.0266,19,3
2025-08-28T12:23:10.466855,65,846930886,-86.39,0.9951,0.1578,10,26
2025-08-28T12:23:10.466855,65,1681692777,-35.95,0.0802,0.3264,25,6
2025-08-28T12:23:10.466855,65,1714636915,-113.31,0.4657,0.0747,17,11
2025-08-28T12:23:10.467846,45,1804289383,-84.99,0.3791,0.4501,4,16
2025-08-28T12:23:10.467846,45,846930886,-83.27,0.2696,0.2383,18,24
2025-08-28T12:23:10.467846,45,1681692777,-54.90,0.9322,0.7452,17,5
2025-08-28T12:23:10.467846,45,1714636915,-113.24,0.6461,0.7009,22,25
2025-08-28T12:23:10.469054,21,1804289383,-58.84,0.3643,0.3140,23,13
2025-08-28T12:23:10.469054,21,846930886,-45.99,0.6863,0.5587,9,20
2025-08-28T12:23:10.469054,21,1681692777,-87.30,0.1192,0.1331,22,5
2025-08-28T12:23:10.469054,21,1714636915,-74.19,0.5966,0.3088,21,14
2025-08-28T12:23:10.470112,38,1804289383,-26.65,0.0605,0.9268,0,16
2025-08-28T12:23:10.470112,38,846930886,-58.91,0.6344,0.8595,27,21
2025-08-28T12:23:10.470112,38,1681692777,-58.11,0.9752,0.4218,6,22
2025-08-28T12:23:10.470112,38,1714636915,-25.84,0.3051,0.0258,3,1
2025-08-28T12:23:10.471198,97,1804289383,-106.87,0.1213,0.3298,25,2
2025-08-28T12:23:10.471198,97,846930886,-95.84,0.4401,0.6704,14,11
2025-08-28T12:23:10.471198,97,1681692777,-20.58,0.3021,0.6426,14,4
2025-08-28T12:23:10.471198,97,1714636915,-37.36,0.6286,0.9536,2,12
2025-08-28T12:23:10.472608,6,1804289383,-93.14,0.1583,0.5798,5,14
2025-08-28T12:23:10.472608,6,846930886,-32.69,0.2944,0.3014,13,27
2025-08-28T12:23:10.472608,6,1681692777,-70.65,0.9945,0.6269,2,10
2025-08-28T12:23:10.472608,6,1714636915,-40.51,0.9336,0.8771,20,13
2025-08-28T12:23:10.473687,96,1804289383,-100.90,0.2920,0.9321,12,13
2025-08-28T12:23:10.473687,96,846930886,-90.28,0.1446,0.3338,18,20
2025-08-28T12:23:10.473687,96,1681692777,-79.59,0.4555,0.6852,16,9
2025-08-28T12:23:10.473687,96,1714636915,-75.67,0.6985,0.1168,5,26
2025-08-28T12:23:10.959233,37,1804289383,-55.55,0.6225,0.9726,8,25
2025-08-28T12:23:10.959233,37,846930886,-64.45,0.5216,0.9706,13,15
2025-08-28T12:23:10.959233,37,1681692777,-94.15,0.8475,0.3915,6,9
2025-08-28T12:23:10.959233,37,1714636915,-95.06,0.4031,0.6888,18,8
2025-08-28T12:23:10.960753,84,1804289383,-67.97,0.1939,0.2283,23,20
2025-08-28T12:23:10.960753,84,846930886,-27.75,0.6370,0.2073,12,2
2025-08-28T12:23:10.960753,84,1681692777,-91.05,0.5449,0.0887,16,13
2025-08-28T12:23:10.960753,84,1714636915,-64.96,0.8111,0.6912,3,13
2025-08-28T12:23:10.961913,17,1804289383,-44.71,0.6621,0.0173,21,3
2025-08-28T12:23:10.961913,17,846930886,-27.10,0.4417,0.8637,20,1
2025-08-28T12:23:10.961913,17,1681692777,-111.12,0.1229,0.4943,14,24
2025-08-28T12:23:10.961913,17,1714636915,-85.64,0.7259,0.0942,4,3
2025-08-28T12:23:10.963232,61,1804289383,-59.08,0.9307,0.0288,17,10
2025-08-28T12:23:10.963232,61,846930886,-108.95,0.3004,0.4759,5,22
2025-08-28T12:23:10.963232,61,1681692777,-57.33,0.7726,0.0764,2,12
2025-08-28T12:23:10.963232,61,1714636915,-77.42,0.0684,0.2505,10,2
2025-08-28T12:23:10.964497,97,1804289383,-76.44,0.8287,0.9079,11,22
2025-08-28T12:23:10.964497,97,846930886,-72.42,0.5297,0.5934,24,11
2025-08-28T12:23:10.964497,97,1681692777,-110.89,0.4064,0.2978,16,23
2025-08-28T12:23:10.964497,97,1714636915,-95.18,0.3915,0.8078,6,23
2025-08-28T12:23:10.965967,83,1804289383,-79.25,0.5271,0.3084,11,3
2025-08-28T12:23:10.965967,83,846930886,-48.89,0.6580,0.4498,19,12
2025-08-28T12:23:10.965967,83,1681692777,-76.60,0.5397,0.3850,12,1
2025-08-28T12:23:10.965967,83,1714636915,-70.54,0.9638,0.3829,21,9
2025-08-28T12:23:10.967328,8,1804289383,-96.71,0.5305,0.9560,17,14
2025-08-28T12:23:10.967328,8,846930886,-40.18,0.0408,0.9164,22,12
2025-08-28T12:23:10.967328,8,1681692777,-85.53,0.3253,0.0308,2,23
2025-08-28T12:23:10.967328,8,1714636915,-108.14,0.0027,0.7989,10,0
2025-08-28T12:23:10.968527,44,1804289383,-75.21,0.8648,0.2314,6,14
2025-08-28T12:23:10.968527,44,846930886,-77.20,0.8308,0.3782,10,11
2025-08-28T12:23:10.968527,44,1681692777,-68.79,0.9585,0.6517,3,9
2025-08-28T12:23:10.968527,44,1714636915,-40.27,0.5529,0.5431,15,21
2025-08-28T12:23:10.969621,75,1804289383,-72.82,0.3061,0.8249,2,14
2025-08-28T12:23:10.969621,75,846930886,-89.26,0.2707,0.8322,20,2
2025-08-28T12:23:10.969621,75,1681692777,-26.16,0.1723,0.2995,15,23
2025-08-28T12:23:10.969621,75,1714636915,-27.73,0.7693,0.4341,16,0
2025-08-28T12:23:10.971010,57,1804289383,-69.21,0.1166,0.2253,17,2
2025-08-28T12:23:10.971010,57,846930886,-114.65,0.0511,0.9131,7,3
2025-08-28T12:23:10.971010,57,1681692777,-69.25,0.3596,0.3562,23,12
2025-08-28T12:23:10.971010,57,1714636915,-70.87,0.7782,0.9054,22,5
2025-08-28T12:23:10.972322,94,1804289383,-48.05,0.1458,0.3344,10,17
2025-08-28T12:23:10.972322,94,846930886,-63.14,0.1536,0.5632,7,27
2025-08-28T12:23:10.972322,94,1681692777,-24.77,0.6852,0.0921,19,15
2025-08-28T12:23:10.972322,94,1714636915,-27.61,0.0034,0.7141,8,10
2025-08-28T12:23:10.973515,56,1804289383,-84.33,0.8910,0.2572,18,2
2025-08-28T12:23:10.973515,56,846930886,-31.83,0.2621,0.5662,13,13
2025-08-28T12:23:10.973515,56,1681692777,-25.08,0.0275,0.9925,6,25
2025-08-28T12:23:10.973515,56,1714636915,-53.52,0.1028,0.2312,16,15
2025-08-28T12:23:10.974693,78,1804289383,-104.90,0.0617,0.6279,0,5
2025-08-28T12:23:10.974693,78,846930886,-103.40,0.8651,0.8559,21,23
2025-08-28T12:23:10.974693,78,1681692777,-70.40,0.0570,0.8720,22,12
2025-08-28T12:23:10.974693,78,1714636915,-41.09,0.7581,0.6980,4,18
2025-08-28T12:23:11.459729,50,1804289383,-71.55,0.4087,0.8770,9,2
2025-08-28T12:23:11.459729,50,846930886,-25.07,0.7157,0.1697,22,14
2025-08-28T12:23:11.459729,50,1681692777,-52.92,0.0110,0.0192,27,14
2025-08-28T12:23:11.459729,50,1714636915,-38.35,0.5358,0.7990,24,8
2025-08-28T12:23:11.461512,83,1804289383,-119.47,0.0227,0.4344,3,10
2025-08-28T12:23:11.461512,83,846930886,-59.13,0.7033,0.7192,2,8
2025-08-28T12:23:11.461512,83,1681692777,-117.98,0.0174,0.5080,20,21
2025-08-28T12:23:11.461512,83,1714636915,-76.29,0.7359,0.6920,27,15
2025-08-28T12:23:11.462577,43,1804289383,-80.88,0.1463,0.8826,23,26
2025-08-28T12:23:11.462577,43,846930886,-63.09,0.1902,0.6133,7,19
2025-08-28T12:23:11.462577,43,1681692777,-70.79,0.5918,0.5630,0,9
2025-08-28T12:23:11.462577,43,1714636915,-83.58,0.1954,0.2410,0,0
2025-08-28T12:23:11.464369,87,1804289383,-29.60,0.3344,0.7969,13,5
2025-08-28T12:23:11.464369,87,846930886,-54.00,0.5960,0.2592,26,11
2025-08-28T12:23:11.464369,87,1681692777,-110.15,0.8063,0.6904,21,15
2025-08-28T12:23:11.464369,87,1714636915,-52.21,0.2887,0.2163,7,16
2025-08-28T12:23:11.465411,78,1804289383,-40.85,0.9803,0.1951,27,12
2025-08-28T12:23:11.465411,78,846930886,-98.31,0.0326,0.1000,11,8
2025-08-28T12:23:11.465411,78,1681692777,-81.43,0.5513,0.6062,14,12
2025-08-28T12:23:11.465411,78,1714636915,-40.11,0.9817,0.6326,24,14
2025-08-28T12:23:11.466487,95,1804289383,-99.17,0.4799,0.4385,1,0
2025-08-28T12:23:11.466487,95,846930886,-105.55,0.4246,0.2666,15,2
2025-08-28T12:23:11.466487,95,1681692777,-87.22,0.1248,0.3228,9,13
2025-08-28T12:23:11.466487,95,1714636915,-26.99,0.3604,0.9606,27,20
2025-08-28T12:23:11.467452,10,1804289383,-34.52,0.7758,0.8280,6,20
2025-08-28T12:23:11.467452,10,846930886,-60.09,0.4874,0.7138,14,5
2025-08-28T12:23:11.467452,10,1681692777,-67.28,0.0789,0.2658,26,26
2025-08-28T12:23:11.467452,10,1714636915,-106.26,0.9518,0.9342,11,7
2025-08-28T12:23:11.468501,38,1804289383,-107.72,0.4023,0.7983,10,16
2025-08-28T12:23:11.468501,38,846930886,-87.16,0.0834,0.0457,9,14
2025-08-28T12:23:11.468501,38,1681692777,-81.81,0.1043,0.3538,13,19
2025-08-28T12:23:11.468501,38,1714636915,-43.75,0.8693,0.7328,20,9
2025-08-28T12:23:11.469587,15,1804289383,-69.10,0.9623,0.5790,1,0
2025-08-28T12:23:11.469587,15,846930886,-58.97,0.4433,0.0927,12,0
2025-08-28T12:23:11.469587,15,1681692777,-72.23,0.0126,0.7121,18,13
2025-08-28T12:23:11.469587,15,1714636915,-100.07,0.5612,0.1738,15,8
2025-08-28T12:23:11.470618,9,1804289383,-87.74,0.4407,0.0828,22,10
2025-08-28T12:23:11.470618,9,846930886,-55.14,0.0555,0.3666,6,27
2025-08-28T12:23:11.470618,9,1681692777,-48.30,0.6110,0.6863,2,23
2025-08-28T12:23:11.470618,9,1714636915,-37.25,0.1603,0.6589,12,1
2025-08-28T12:23:11.471789,57,1804289383,-23.18,0.7862,0.4916,6,13
2025-08-28T12:23:11.471789,57,846930886,-106.03,0.1420,0.8563,19,12
2025-08-28T12:23:11.471789,57,1681692777,-71.75,0.5804,0.9258,10,1
2025-08-28T12:23:11.471789,57,1714636915,-67.35,0.5380,0.5511,8,7
2025-08-28T12:23:11.472975,88,1804289383,-49.63,0.3316,0.4761,26,5
2025-08-28T12:23:11.472975,88,846930886,-48.96,0.3626,0.3762,5,16
2025-08-28T12:23:11.472975,88,1681692777,-101.55,0.4966,0.8680,1,26
2025-08-28T12:23:11.472975,88,1714636915,-113.96,0.3266,0.0099,20,17
2025-08-28T12:23:11.474009,64,1804289383,-37.47,0.0953,0.6523,12,8
2025-08-28T12:23:11.474009,64,846930886,-36.44,0.3763,0.4997,9,24
2025-08-28T12:23:11.474009,64,1681692777,-85.91,0.1672,0.6114,1,17
2025-08-28T12:23:11.474009,64,1714636915,-24.18,0.7035,0.0923,4,19
2025-08-28T12:23:11.960584,52,1804289383,-59.16,0.9479,0.4931,26,13
2025-08-28T12:23:11.960584,52,846930886,-21.09,0.6183,0.9290,24,8
2025-08-28T12:23:11.960584,52,1681692777,-80.49,0.0845,0.4403,24,10
2025-08-28T12:23:11.960584,52,1714636915,-73.38,0.7714,0.5574,17,0
2025-08-28T12:23:11.963788,45,1804289383,-85.06,0.5182,0.5354,18,9
2025-08-28T12:23:11.963788,45,846930886,-88.13,0.4417,0.7242,21,21
2025-08-28T12:23:11.963788,45,1681692777,-41.26,0.2666,0.2433,24,27
2025-08-28T12:23:11.963788,45,1714636915,-114.79,0.4057,0.0642,22,26
2025-08-28T12:23:11.965592,80,1804289383,-100.58,0.6341,0.0291,18,8
2025-08-28T12:23:11.965592,80,846930886,-49.27,0.7516,0.7309,6,25
2025-08-28T12:23:11.965592,80,1681692777,-48.63,0.2255,0.4815,12,9
2025-08-28T12:23:11.965592,80,1714636915,-116.09,0.1554,0.7157,2,26
2025-08-28T12:23:11.966883,82,1804289383,-75.90,0.1490,0.6821,16,4
2025-08-28T12:23:11.966883,82,846930886,-91.85,0.5053,0.2639,15,22
2025-08-28T12:23:11.966883,82,1681692777,-60.53,0.9155,0.1684,26,23
2025-08-28T12:23:11.966883,82,1714636915,-52.38,0.3463,0.9111,16,8
2025-08-28T12:23:11.968098,3,1804289383,-30.69,0.7740,0.9891,10,25
2025-08-28T12:23:11.968098,3,846930886,-114.97,0.6087,0.5335,7,9
2025-08-28T12:23:11.968098,3,1681692777,-91.97,0.1992,0.1855,16,2
2025-08-28T12:23:11.968098,3,1714636915,-64.52,0.7856,0.6751,2,0
2025-08-28T12:23:11.969228,7,1804289383,-54.95,0.0933,0.6702,9,19
2025-08-28T12:23:11.969228,7,846930886,-89.10,0.5616,0.7384,25,21
2025-08-28T12:23:11.969228,7,1681692777,-66.69,0.0830,0.8262,19,10
2025-08-28T12:23:11.969228,7,1714636915,-117.90,0.1418,0.1109,2,1
2025-08-28T12:23:11.970221,81,1804289383,-56.87,0.8308,0.2306,13,20
2025-08-28T12:23:11.970221,81,846930886,-25.89,0.3064,0.6588,1,7
2025-08-28T12:23:11.970221,81,1681692777,-42.04,0.0344,0.0522,17,12
2025-08-28T12:23:11.970221,81,1714636915,-82.23,0.3412,0.8350,23,20
2025-08-28T12:23:11.971993,59,1804289383,-116.20,0.0044,0.0081,3,12
2025-08-28T12:23:11.971993,59,846930886,-40.49,0.1489,0.9961,8,0
2025-08-28T12:23:11.971993,59,1681692777,-35.24,0.6259,0.3297,11,23
2025-08-28T12:23:11.971993,59,1714636915,-91.30,0.1540,0.3887,10,17
2025-08-28T12:23:11.973345,38,1804289383,-78.20,0.5881,0.2974,16,1
2025-08-28T12:23:11.973345,38,846930886,-38.31,0.2530,0.0344,18,20
2025-08-28T12:23:11.973345,38,1681692777,-66.69,0.8212,0.7361,4,20
2025-08-28T12:23:11.973345,38,1714636915,-51.88,0.6820,0.7924,0,10
2025-08-28T12:23:11.974419,13,1804289383,-116.30,0.1109,0.8564,9,27
2025-08-28T12:23:11.974419,13,846930886,-65.36,0.4257,0.7438,23,4
2025-08-28T12:23:11.974419,13,1681692777,-71.68,0.1345,0.2410,12,23
2025-08-28T12:23:11.974419,13,1714636915,-50.35,0.7362,0.8257,2,9
2025-08-28T12:23:11.975525,11,1804289383,-88.60,0.2004,0.8539,27,8
2025-08-28T12:23:11.975525,11,846930886,-88.30,0.1065,0.7676,12,3
2025-08-28T12:23:11.975525,11,1681692777,-108.83,0.4279,0.9717,16,17
2025-08-28T12:23:11.975525,11,1714636915,-67.15,0.5374,0.6284,13,16
2025-08-28T12:23:11.976564,98,1804289383,-74.57,0.7218,0.1768,14,3
2025-08-28T12:23:11.976564,98,846930886,-82.28,0.2800,0.2979,0,6
2025-08-28T12:23:11.976564,98,1681692777,-107.04,0.5776,0.4547,11,26
2025-08-28T12:23:11.976564,98,1714636915,-89.24,0.2361,0.4316,25,16
2025-08-28T12:23:11.977664,98,1804289383,-57.98,0.3230,0.6179,0,6
2025-08-28T12:23:11.977664,98,846930886,-56.38,0.2486,0.8336,21,0
2025-08-28T12:23:11.977664,98,1681692777,-24.91,0.3580,0.1190,25,24
2025-08-28T12:23:11.977664,98,1714636915,-79.08,0.2309,0.2574,7,2
2025-08-28T12:23:11.978605,12,1804289383,-54.92,0.2865,0.2025,19,26
2025-08-28T12:23:11.978605,12,846930886,-41.00,0.0824,0.5846,8,15
2025-08-28T12:23:11.978605,12,1681692777,-25.97,0.1130,0.2066,6,14
2025-08-28T12:23:11.978605,12,1714636915,-20.19,0.1889,0.2517,20,0
2025-08-28T12:23:12.461112,22,1804289383,-88.44,0.2501,0.6992,24,23
2025-08-28T12:23:12.461112,22,846930886,-43.81,0.5729,0.6912,23,21
2025-08-28T12:23:12.461112,22,1681692777,-87.11,0.0484,0.8484,26,18
2025-08-28T12:23:12.461112,22,1714636915,-112.30,0.4113,0.9100,26,19
2025-08-28T12:23:12.463031,12,1804289383,-59.19,0.2066,0.1704,4,14
2025-08-28T12:23:12.463031,12,846930886,-70.96,0.8597,0.5666,22,22
2025-08-28T12:23:12.463031,12,1681692777,-96.18,0.7404,0.3072,15,1
2025-08-28T12:23:12.463031,12,1714636915,-20.08,0.8112,0.7137,17,3
2025-08-28T12:23:12.465896,83,1804289383,-82.71,0.3054,0.7205,0,4
2025-08-28T12:23:12.465896,83,846930886,-106.82,0.2830,0.6695,0,1
2025-08-28T12:23:12.465896,83,1681692777,-73.25,0.3384,0.6835,10,27
2025-08-28T12:23:12.465896,83,1714636915,-66.69,0.3272,0.4735,10,22
2025-08-28T12:23:12.468578,68,1804289383,-90.40,0.2424,0.6344,17,5
2025-08-28T12:23:12.468578,68,846930886,-29.74,0.0096,0.4789,25,24
2025-08-28T12:23:12.468578,68,1681692777,-30.06,0.2080,0.1218,17,15
2025-08-28T12:23:12.468578,68,1714636915,-81.46,0.1824,0.4700,23,12
2025-08-28T12:23:12.470129,39,1804289383,-56.92,0.3790,0.7970,7,8
2025-08-28T12:23:12.470129,39,846930886,-114.05,0.1043,0.9548,24,21
2025-08-28T12:23:12.470129,39,1681692777,-67.57,0.3019,0.1348,8,24
2025-08-28T12:23:12.470129,39,1714636915,-71.70,0.5339,0.2606,24,5
2025-08-28T12:23:12.471545,61,1804289383,-70.86,0.0570,0.6865,6,14
2025-08-28T12:23:12.471545,61,846930886,-63.56,0.9614,0.6960,16,1
2025-08-28T12:23:12.471545,61,1681692777,-114.93,0.9433,0.0878,20,15
2025-08-28T12:23:12.471545,61,1714636915,-92.86,0.1549,0.3198,13,10
2025-08-28T12:23:12.473262,5,1804289383,-84.50,0.7902,0.0725,13,26
2025-08-28T12:23:12.473262,5,846930886,-65.85,0.6156,0.8535,0,20
2025-08-28T12:23:12.473262,5,1681692777,-116.41,0.5985,0.0892,3,17
2025-08-28T12:23:12.473262,5,1714636915,-67.76,0.9973,0.6052,16,9
2025-08-28T12:23:12.474311,46,1804289383,-36.92,0.3758,0.0757,11,13
2025-08-28T12:23:12.474311,46,846930886,-31.40,0.1506,0.8592,12,22
2025-08-28T12:23:12.474311,46,1681692777,-41.25,0.6761,0.7713,13,21
2025-08-28T12:23:12.474311,46,1714636915,-28.08,0.4030,0.9002,19,6
2025-08-28T12:23:12.475575,98,1804289383,-77.31,0.8948,0.4806,24,2
2025-08-28T12:23:12.475575,98,846930886,-43.41,0.0321,0.3753,13,11
2025-08-28T12:23:12.475575,98,1681692777,-52.81,0.1418,0.1329,9,23
2025-08-28T12:23:12.475575,98,1714636915,-95.05,0.8225,0.5888,22,0
2025-08-28T12:23:12.476995,79,1804289383,-22.77,0.2926,0.8088,10,26
2025-08-28T12:23:12.476995,79,846930886,-118.25,0.8725,0.5895,12,13
2025-08-28T12:23:12.476995,79,1681692777,-66.59,0.9123,0.7978,3,1
2025-08-28T12:23:12.476995,79,1714636915,-115.84,0.5661,0.1405,26,2
2025-08-28T12:23:12.478717,12,1804289383,-28.71,0.7561,0.6534,16,21
2025-08-28T12:23:12.478717,12,846930886,-20.27,0.5017,0.3692,16,1
2025-08-28T12:23:12.478717,12,1681692777,-93.29,0.2899,0.3318,27,22
2025-08-28T12:23:12.478717,12,1714636915,-63.90,0.1397,0.5496,11,18
2025-08-28T12:23:12.480574,1,1804289383,-96.15,0.2547,0.1909,10,24
2025-08-28T12:23:12.480574,1,846930886,-81.97,0.3790,0.5720,22,15
2025-08-28T12:23:12.480574,1,1681692777,-53.17,0.1364,0.0140,15,10
2025-08-28T12:23:12.480574,1,1714636915,-71.28,0.1700,0.6253,27,11
2025-08-28T12:23:12.482113,8,1804289383,-46.27,0.0247,0.1872,1,15
2025-08-28T12:23:12.482113,8,846930886,-41.63,0.2869,0.1293,17,10
2025-08-28T12:23:12.482113,8,1681692777,-35.88,0.0384,0.1346,2,9
2025-08-28T12:23:12.482113,8,1714636915,-92.81,0.2202,0.1407,15,15
2025-08-28T12:23:12.483603,18,1804289383,-53.56,0.5947,0.5643,26,20
2025-08-28T12:23:12.483603,18,846930886,-77.28,0.2897,0.5719,4,18
2025-08-28T12:23:12.483603,18,1681692777,-111.38,0.4520,0.3969,23,7
2025-08-28T12:23:12.483603,18,1714636915,-69.25,0.3731,0.1496,13,13
2025-08-28T12:23:12.961689,26,1804289383,-108.53,0.4515,0.5935,19,19
2025-08-28T12:23:12.961689,26,846930886,-80.56,0.2554,0.6150,22,4
2025-08-28T12:23:12.961689,26,1681692777,-51.22,0.9891,0.7158,5,8
2025-08-28T12:23:12.961689,26,1714636915,-32.27,0.9775,0.6457,17,4
2025-08-28T12:23:12.963529,75,1804289383,-85.05,0.5841,0.0809,1,12
2025-08-28T12:23:12.963529,75,846930886,-42.91,0.4991,0.8154,0,12
2025-08-28T12:23:12.963529,75,1681692777,-72.40,0.2223,0.8449,26,1
2025-08-28T12:23:12.963529,75,1714636915,-114.70,0.7314,0.1804,24,6
2025-08-28T12:23:12.964663,40,1804289383,-108.41,0.5986,0.8916,4,11
2025-08-28T12:23:12.964663,40,846930886,-114.38,0.7616,0.9259,18,4
2025-08-28T12:23:12.964663,40,1681692777,-59.53,0.6404,0.8372,24,14
2025-08-28T12:23:12.964663,40,1714636915,-113.79,0.1039,0.7637,20,23
2025-08-28T12:23:12.965856,29,1804289383,-35.02,0.2002,0.6010,4,16
2025-08-28T12:23:12.965856,29,846930886,-98.47,0.0303,0.9117,22,19
2025-08-28T12:23:12.965856,29,1681692777,-113.03,0.8138,0.1256,13,15
2025-08-28T12:23:12.965856,29,1714636915,-114.91,0.8313,0.7884,23,1
2025-08-28T12:23:12.966925,57,1804289383,-56.04,0.4248,0.6483,12,25
2025-08-28T12:23:12.966925,57,846930886,-109.26,0.4033,0.7780,20,22
2025-08-28T12:23:12.966925,57,1681692777,-28.78,0.3076,0.1294,20,22
2025-08-28T12:23:12.966925,57,1714636915,-52.29,0.9425,0.0781,17,15
2025-08-28T12:23:12.968067,72,1804289383,-84.66,0.3021,0.1016,20,0
2025-08-28T12:23:12.968067,72,846930886,-67.94,0.1418,0.3476,7,21
2025-08-28T12:23:12.968067,72,1681692777,-52.16,0.9454,0.8337,2,23
2025-08-28T12:23:12.968067,72,1714636915,-50.67,0.0817,0.4393,8,16
2025-08-28T12:23:12.969134,49,1804289383,-103.27,0.7395,0.4139,20,19
2025-08-28T12:23:12.969134,49,846930886,-66.71,0.2453,0.8784,3,6
2025-08-28T12:23:12.969134,49,1681692777,-47.72,0.8350,0.3789,5,22
2025-08-28T12:23:12.969134,49,1714636915,-36.75,0.8646,0.4794,13,2
2025-08-28T12:23:12.970239,43,1804289383,-76.09,0.8837,0.1967,5,10
2025-08-28T12:23:12.970239,43,846930886,-31.15,0.8784,0.1628,27,26
2025-08-28T12:23:12.970239,43,1681692777,-86.91,0.6280,0.7940,9,26
2025-08-28T12:23:12.970239,43,1714636915,-51.67,0.5763,0.7078,23,23
2025-08-28T12:23:12.971498,40,1804289383,-54.99,0.2324,0.7999,11,16
2025-08-28T12:23:12.971498,40,846930886,-48.55,0.1294,0.3767,19,27
2025-08-28T12:23:12.971498,40,1681692777,-60.63,0.5982,0.8443,1,6
2025-08-28T12:23:12.971498,40,1714636915,-118.88,0.4721,0.2305,15,13
2025-08-28T12:23:12.972790,29,1804289383,-73.14,0.6463,0.7251,21,20
2025-08-28T12:23:12.972790,29,846930886,-104.52,0.1764,0.4800,3,3
2025-08-28T12:23:12.972790,29,1681692777,-55.17,0.3872,0.0534,27,13
2025-08-28T12:23:12.972790,29,1714636915,-76.76,0.7777,0.3082,3,7
2025-08-28T12:23:12.973800,60,1804289383,-110.17,0.2697,0.0565,6,11
2025-08-28T12:23:12.973800,60,846930886,-81.91,0.3287,0.4037,23,25
2025-08-28T12:23:12.973800,60,1681692777,-68.85,0.0271,0.4479,9,16
2025-08-28T12:23:12.973800,60,1714636915,-29.59,0.6879,0.3038,0,20
2025-08-28T12:23:12.975021,42,1804289383,-97.72,0.9947,0.9504,23,16
2025-08-28T12:23:12.975021,42,846930886,-104.65,0.5311,0.1450,12,27
2025-08-28T12:23:12.975021,42,1681692777,-92.62,0.4232,0.0504,10,3
2025-08-28T12:23:12.975021,42,1714636915,-24.01,0.6026,0.2193,12,7
2025-08-28T12:23:12.976242,28,1804289383,-38.92,0.7733,0.7738,8,5
2025-08-28T12:23:12.976242,28,846930886,-79.70,0.1146,0.4266,4,22
2025-08-28T12:23:12.976242,28,1681692777,-25.92,0.3977,0.3670,5,19
2025-08-28T12:23:12.976242,28,1714636915,-95.14,0.4718,0.2553,6,10
2025-08-28T12:23:12.977313,90,1804289383,-71.25,0.5161,0.7047,13,21
2025-08-28T12:23:12.977313,90,846930886,-56.73,0.7068,0.0549,9,23
2025-08-28T12:23:12.977313,90,1681692777,-34.73,0.4060,0.7428,5,6
2025-08-28T12:23:12.977313,90,1714636915,-59.26,0.9672,0.3552,18,2
2025-08-28T12:23:13.462261,25,1804289383,-108.46,0.7509,0.0139,1,16
2025-08-28T12:23:13.462261,25,846930886,-24.86,0.3707,0.0946,4,7
2025-08-28T12:23:13.462261,25,1681692777,-94.61,0.4674,0.5063,17,15
2025-08-28T12:23:13.462261,25,1714636915,-75.38,0.9607,0.6174,6,22
2025-08-28T12:23:13.464476,82,1804289383,-41.93,0.6726,0.5119,13,11
2025-08-28T12:23:13.464476,82,846930886,-33.70,0.1359,0.4844,2,26
2025-08-28T12:23:13.464476,82,1681692777,-59.50,0.6139,0.2228,9,25
2025-08-28T12:23:13.464476,82,1714636915,-54.02,0.9757,0.5544,19,9
2025-08-28T12:23:13.466051,83,1804289383,-51.03,0.2835,0.5747,24,18
2025-08-28T12:23:13.466051,83,846930886,-73.49,0.3071,0.5432,13,14
2025-08-28T12:23:13.466051,83,1681692777,-102.39,0.1377,0.4782,25,6
2025-08-28T12:23:13.466051,83,1714636915,-37.96,0.3119,0.4992,20,16
2025-08-28T12:23:13.467456,48,1804289383,-30.58,0.7437,0.5937,10,24
2025-08-28T12:23:13.467456,48,846930886,-85.34,0.4486,0.1120,20,16
2025-08-28T12:23:13.467456,48,1681692777,-27.10,0.6301,0.3441,20,15
2025-08-28T12:23:13.467456,48,1714636915,-85.54,0.2361,0.2704,25,19
2025-08-28T12:23:13.468945,75,1804289383,-70.30,0.6807,0.8418,9,11
2025-08-28T12:23:13.468945,75,846930886,-52.54,0.9962,0.4585,23,13
2025-08-28T12:23:13.468945,75,1681692777,-41.30,0.4183,0.5787,0,24
2025-08-28T12:23:13.468945,75,1714636915,-70.53,0.2355,0.9824,7,26
2025-08-28T12:23:13.470131,63,1804289383,-34.80,0.3489,0.1506,3,6
2025-08-28T12:23:13.470131,63,846930886,-61.09,0.1224,0.5729,5,2
2025-08-28T12:23:13.470131,63,1681692777,-64.77,0.2698,0.6300,16,10
2025-08-28T12:23:13.470131,63,1714636915,-74.16,0.5485,0.3664,21,11
2025-08-28T12:23:13.471702,10,1804289383,-45.29,0.1122,0.0461,17,4
2025-08-28T12:23:13.471702,10,846930886,-91.34,0.7295,0.7550,7,16
2025-08-28T12:23:13.471702,10,1681692777,-46.82,0.6355,0.1018,18,3
2025-08-28T12:23:13.471702,10,1714636915,-112.23,0.8542,0.4368,27,15
2025-08-28T12:23:13.472999,74,1804289383,-94.46,0.2724,0.0444,4,20
2025-08-28T12:23:13.472999,74,846930886,-107.36,0.6218,0.5146,21,1
2025-08-28T12:23:13.472999,74,1681692777,-106.15,0.2386,0.9271,7,12
2025-08-28T12:23:13.472999,74,1714636915,-70.47,0.8680,0.2538,13,4
2025-08-28T12:23:13.474254,85,1804289383,-20.53,0.9211,0.8655,26,23
2025-08-28T12:23:13.474254,85,846930886,-83.79,0.4315,0.4874,25,13
2025-08-28T12:23:13.474254,85,1681692777,-110.97,0.6345,0.9679,21,7
2025-08-28T12:23:13.474254,85,1714636915,-51.28,0.7120,0.2054,10,8
2025-08-28T12:23:13.475677,74,1804289383,-77.52,0.5200,0.7353,2,27
2025-08-28T12:23:13.475677,74,846930886,-77.75,0.6786,0.2241,21,4
2025-08-28T12:23:13.475677,74,1681692777,-85.04,0.3436,0.6777,17,13
2025-08-28T12:23:13.475677,74,1714636915,-44.05,0.7811,0.2406,22,15
2025-08-28T12:23:13.476935,7,1804289383,-111.53,0.6726,0.1658,1,14
2025-08-28T12:23:13.476935,7,846930886,-72.92,0.2902,0.9206,14,12
2025-08-28T12:23:13.476935,7,1681692777,-92.87,0.9908,0.6222,13,3
2025-08-28T12:23:13.476935,7,1714636915,-55.20,0.9499,0.9437,3,11
2025-08-28T12:23:13.478207,91,1804289383,-45.52,0.4398,0.6482,7,9
2025-08-28T12:23:13.478207,91,846930886,-106.61,0.9853,0.5966,8,5
2025-08-28T12:23:13.478207,91,1681692777,-112.47,0.8065,0.2266,10,16
2025-08-28T12:23:13.478207,91,1714636915,-62.48,0.3655,0.9605,19,11
2025-08-28T12:23:13.479317,88,1804289383,-91.44,0.8746,0.0783,25,15
2025-08-28T12:23:13.479317,88,846930886,-40.98,0.2293,0.7480,22,27
2025-08-28T12:23:13.479317,88,1681692777,-71.57,0.2300,0.1761,15,1
2025-08-28T12:23:13.479317,88,1714636915,-46.07,0.4696,0.6638,4,16
2025-08-28T12:23:13.480675,63,1804289383,-61.43,0.7571,0.7297,9,8
2025-08-28T12:23:13.480675,63,846930886,-85.24,0.5463,0.4366,2,10
2025-08-28T12:23:13.480675,63,1681692777,-91.18,0.2221,0.4316,19,23
2025-08-28T12:23:13.480675,63,1714636915,-95.00,0.5175,0.0702,5,0
2025-08-28T12:23:13.962826,26,1804289383,-65.28,0.2214,0.2939,26,11
2025-08-28T12:23:13.962826,26,846930886,-90.60,0.2110,0.5661,9,8
2025-08-28T12:23:13.962826,26,1681692777,-50.24,0.0511,0.5950,14,5
2025-08-28T12:23:13.962826,26,1714636915,-116.23,0.2439,0.3492,9,27
2025-08-28T12:23:13.964718,43,1804289383,-61.80,0.0289,0.6400,23,25
2025-08-28T12:23:13.964718,43,846930886,-99.71,0.6522,0.7387,14,0
2025-08-28T12:23:13.964718,43,1681692777,-43.41,0.4243,0.7558,10,24
2025-08-28T12:23:13.964718,43,1714636915,-38.66,0.9769,0.8173,24,16
2025-08-28T12:23:13.965950,43,1804289383,-42.30,0.4372,0.6268,21,22
2025-08-28T12:23:13.965950,43,846930886,-73.20,0.1262,0.1650,25,20
2025-08-28T12:23:13.965950,43,1681692777,-119.32,0.4968,0.1181,11,21
2025-08-28T12:23:13.965950,43,1714636915,-72.16,0.6590,0.7242,7,17
2025-08-28T12:23:13.967256,50,1804289383,-104.61,0.8767,0.7088,17,26
2025-08-28T12:23:13.967256,50,846930886,-67.21,0.9711,0.2095,27,9
2025-08-28T12:23:13.967256,50,1681692777,-34.91,0.9651,0.5272,16,6
2025-08-28T12:23:13.967256,50,1714636915,-33.41,0.9771,0.2574,15,18
2025-08-28T12:23:13.968374,85,1804289383,-85.18,0.5732,0.6890,4,18
2025-08-28T12:23:13.968374,85,846930886,-73.11,0.0724,0.3272,19,21
2025-08-28T12:23:13.968374,85,1681692777,-81.61,0.3456,0.7241,8,12
2025-08-28T12:23:13.968374,85,1714636915,-26.22,0.3550,0.9512,6,26
2025-08-28T12:23:13.969591,87,1804289383,-20.47,0.7825,0.8761,24,22
2025-08-28T12:23:13.969591,87,846930886,-89.16,0.2526,0.0463,1,23
2025-08-28T12:23:13.969591,87,1681692777,-44.27,0.8816,0.6239,21,0
2025-08-28T12:23:13.969591,87,1714636915,-75.91,0.8297,0.0577,21,11
2025-08-28T12:23:13.970596,28,1804289383,-67.18,0.5691,0.6715,19,2
2025-08-28T12:23:13.970596,28,846930886,-91.82,0.4794,0.9167,7,17
2025-08-28T12:23:13.970596,28,1681692777,-38.52,0.0643,0.3806,23,2
2025-08-28T12:23:13.970596,28,1714636915,-65.78,0.0675,0.2910,9,19
2025-08-28T12:23:13.972128,91,1804289383,-104.58,0.6262,0.4574,3,1
2025-08-28T12:23:13.972128,91,846930886,-106.79,0.2119,0.0389,19,25
2025-08-28T12:23:13.972128,91,1681692777,-84.63,0.7013,0.1710,16,1
2025-08-28T12:23:13.972128,91,1714636915,-72.06,0.8331,0.5969,1,23
2025-08-28T12:23:13.973532,6,1804289383,-41.16,0.7183,0.2313,27,5
2025-08-28T12:23:13.973532,6,846930886,-89.90,0.0794,0.4943,4,20
2025-08-28T12:23:13.973532,6,1681692777,-112.77,0.9272,0.2370,22,5
2025-08-28T12:23:13.973532,6,1714636915,-54.38,0.2842,0.5642,20,0
2025-08-28T12:23:13.975052,4,1804289383,-116.23,0.9548,0.7434,3,23
2025-08-28T12:23:13.975052,4,846930886,-28.59,0.6346,0.6317,10,6
2025-08-28T12:23:13.975052,4,1681692777,-23.62,0.6324,0.2824,16,24
2025-08-28T12:23:13.975052,4,1714636915,-31.79,0.0432,0.0787,11,0
2025-08-28T12:23:13.976314,49,1804289383,-86.54,0.0597,0.0691,3,6
2025-08-28T12:23:13.976314,49,846930886,-106.29,0.8989,0.2401,11,8
2025-08-28T12:23:13.976314,49,1681692777,-56.47,0.0919,0.0319,16,19
2025-08-28T12:23:13.976314,49,1714636915,-67.75,0.2699,0.8759,14,20
2025-08-28T12:23:13.977480,55,1804289383,-46.07,0.6033,0.0151,14,22
2025-08-28T12:23:13.977480,55,846930886,-31.90,0.8181,0.0665,24,11
2025-08-28T12:23:13.977480,55,1681692777,-98.95,0.9408,0.8840,19,20
2025-08-28T12:23:13.977480,55,1714636915,-82.55,0.1094,0.7647,25,10
2025-08-28T12:23:13.979069,43,1804289383,-48.93,0.4298,0.9975,24,16
2025-08-28T12:23:13.979069,43,846930886,-61.17,0.5867,0.5608,11,11
2025-08-28T12:23:13.979069,43,1681692777,-74.50,0.1916,0.6530,6,20
2025-08-28T12:23:13.979069,43,1714636915,-60.76,0.2731,0.4425,5,11
2025-08-28T12:23:13.980847,70,1804289383,-114.22,0.9720,0.5289,11,1
2025-08-28T12:23:13.980847,70,846930886,-116.38,0.8225,0.5839,11,14
2025-08-28T12:23:13.980847,70,1681692777,-43.89,0.4660,0.1823,0,11
2025-08-28T12:23:13.980847,70,1714636915,-116.20,0.3478,0.0650,4,19
2025-08-28T12:23:14.463565,73,1804289383,-59.44,0.6388,0.2357,18,0
2025-08-28T12:23:14.463565,73,846930886,-60.32,0.0482,0.9425,6,8
2025-08-28T12:23:14.463565,73,1681692777,-66.65,0.5687,0.8954,7,5
2025-08-28T12:23:14.463565,73,1714636915,-63.02,0.3559,0.3621,20,20
2025-08-28T12:23:14.465381,50,1804289383,-65.99,0.7230,0.1736,10,17
2025-08-28T12:23:14.465381,50,846930886,-69.28,0.6051,0.2107,16,25
2025-08-28T12:23:14.465381,50,1681692777,-115.41,0.1461,0.6215,22,3
2025-08-28T12:23:14.465381,50,1714636915,-47.29,0.0941,0.4388,6,14
2025-08-28T12:23:14.467046,21,1804289383,-112.60,0.3560,0.4479,16,14
2025-08-28T12:23:14.467046,21,846930886,-85.55,0.4360,0.4595,6,20
2025-08-28T12:23:14.467046,21,1681692777,-116.46,0.0675,0.0221,1,3
2025-08-28T12:23:14.467046,21,1714636915,-114.92,0.6405,0.4509,21,6
2025-08-28T12:23:14.468378,91,1804289383,-50.69,0.6479,0.9371,16,23
2025-08-28T12:23:14.468378,91,846930886,-70.82,0.1319,0.5053,7,25
2025-08-28T12:23:14.468378,91,1681692777,-32.49,0.8479,0.4942,12,11
2025-08-28T12:23:14.468378,91,1714636915,-55.75,0.3111,0.1971,21,4
2025-08-28T12:23:14.469685,22,1804289383,-24.98,0.1818,0.7278,10,17
2025-08-28T12:23:14.469685,22,846930886,-80.53,0.4011,0.7761,5,27
2025-08-28T12:23:14.469685,22,1681692777,-53.39,0.0426,0.2294,23,24
2025-08-28T12:23:14.469685,22,1714636915,-44.76,0.7980,0.3261,18,24
2025-08-28T12:23:14.470984,43,1804289383,-86.21,0.3385,0.0023,26,16
2025-08-28T12:23:14.470984,43,846930886,-72.70,0.5350,0.2790,17,4
2025-08-28T12:23:14.470984,43,1681692777,-26.07,0.6548,0.9553,12,3
2025-08-28T12:23:14.470984,43,1714636915,-48.16,0.3404,0.1563,13,10
2025-08-28T12:23:14.472894,67,1804289383,-61.82,0.8621,0.7954,22,8
2025-08-28T12:23:14.472894,67,846930886,-76.23,0.9079,0.8751,24,25
2025-08-28T12:23:14.472894,67,1681692777,-38.67,0.7762,0.0373,8,26
2025-08-28T12:23:14.472894,67,1714636915,-37.63,0.3483,0.6917,17,8
2025-08-28T12:23:14.474858,99,1804289383,-34.14,0.5310,0.6201,7,11
2025-08-28T12:23:14.474858,99,846930886,-60.67,0.0149,0.5730,15,10
2025-08-28T12:23:14.474858,99,1681692777,-28.42,0.4553,0.9396,0,20
2025-08-28T12:23:14.474858,99,1714636915,-22.93,0.8236,0.4531,5,1
2025-08-28T12:23:14.476524,24,1804289383,-104.04,0.8960,0.7419,25,11
2025-08-28T12:23:14.476524,24,846930886,-53.40,0.8514,0.0705,18,26
2025-08-28T12:23:14.476524,24,1681692777,-79.24,0.1970,0.1523,7,27
2025-08-28T12:23:14.476524,24,1714636915,-49.38,0.4225,0.6247,23,22
2025-08-28T12:23:14.477923,58,1804289383,-46.04,0.5063,0.8745,12,10
2025-08-28T12:23:14.477923,58,846930886,-64.31,0.1927,0.0101,0,13
2025-08-28T12:23:14.477923,58,1681692777,-28.33,0.4529,0.8631,23,11
2025-08-28T12:23:14.477923,58,1714636915,-58.06,0.7680,0.7701,2,23
2025-08-28T12:23:14.479506,66,1804289383,-33.20,0.4526,0.7267,6,19
2025-08-28T12:23:14.479506,66,846930886,-48.41,0.4927,0.2717,23,24
2025-08-28T12:23:14.479506,66,1681692777,-102.72,0.2222,0.3260,18,17
2025-08-28T12:23:14.479506,66,1714636915,-61.89,0.3654,0.2716,22,15
2025-08-28T12:23:14.481012,18,1804289383,-46.64,0.3498,0.9452,1,17
2025-08-28T12:23:14.481012,18,846930886,-118.65,0.5037,0.9226,14,21
2025-08-28T12:23:14.481012,18,1681692777,-59.31,0.4661,0.5494,0,17
2025-08-28T12:23:14.481012,18,1714636915,-78.55,0.0997,0.3033,21,22
2025-08-28T12:23:14.482257,28,1804289383,-30.18,0.8772,0.9092,6,8
2025-08-28T12:23:14.482257,28,846930886,-43.86,0.1698,0.4824,2,6
2025-08-28T12:23:14.482257,28,1681692777,-95.01,0.1112,0.1436,22,9
2025-08-28T12:23:14.482257,28,1714636915,-32.96,0.7536,0.3370,3,8
2025-08-28T12:23:14.483575,36,1804289383,-83.19,0.1258,0.6828,2,4
2025-08-28T12:23:14.483575,36,846930886,-86.63,0.6713,0.2389,11,24
2025-08-28T12:23:14.483575,36,1681692777,-42.62,0.2108,0.3170,27,5
2025-08-28T12:23:14.483575,36,1714636915,-84.69,0.9436,0.5946,22,25
2025-08-28T12:23:14.964136,70,1804289383,-32.13,0.2855,0.3610,7,27
2025-08-28T12:23:14.964136,70,846930886,-50.91,0.2157,0.0128,3,10
2025-08-28T12:23:14.964136,70,1681692777,-48.26,0.8167,0.9745,2,25
2025-08-28T12:23:14.964136,70,1714636915,-110.94,0.3887,0.8799,16,12
2025-08-28T12:23:14.965894,94,1804289383,-78.63,0.1136,0.5293,2,10
2025-08-28T12:23:14.965894,94,846930886,-58.52,0.0083,0.0584,14,20
2025-08-28T12:23:14.965894,94,1681692777,-79.85,0.9003,0.4803,10,24
2025-08-28T12:23:14.965894,94,1714636915,-91.43,0.6172,0.0556,9,23
2025-08-28T12:23:14.967633,10,1804289383,-45.66,0.8833,0.1223,11,1
2025-08-28T12:23:14.967633,10,846930886,-89.24,0.6233,0.7309,26,13
2025-08-28T12:23:14.967633,10,1681692777,-75.39,0.4212,0.9081,12,10
2025-08-28T12:23:14.967633,10,1714636915,-20.43,0.4545,0.1850,16,12
2025-08-28T12:23:14.968886,10,1804289383,-26.12,0.0541,0.1092,21,14
2025-08-28T12:23:14.968886,10,846930886,-56.47,0.9944,0.9347,21,0
2025-08-28T12:23:14.968886,10,1681692777,-41.95,0.5187,0.5217,18,2
2025-08-28T12:23:14.968886,10,1714636915,-85.96,0.4038,0.8899,25,4
2025-08-28T12:23:14.970303,16,1804289383,-31.19,0.6908,0.3685,20,2
2025-08-28T12:23:14.970303,16,846930886,-80.33,0.0730,0.0675,1,10
2025-08-28T12:23:14.970303,16,1681692777,-29.77,0.4508,0.8900,4,8
2025-08-28T12:23:14.970303,16,1714636915,-94.82,0.8967,0.0344,26,22
2025-08-28T12:23:14.971649,44,1804289383,-27.06,0.8178,0.8519,18,19
2025-08-28T12:23:14.971649,44,846930886,-116.16,0.8193,0.1908,4,7
2025-08-28T12:23:14.971649,44,1681692777,-35.95,0.7292,0.1101,18,19
2025-08-28T12:23:14.971649,44,1714636915,-87.02,0.9135,0.8684,8,4
2025-08-28T12:23:14.972868,57,1804289383,-31.97,0.5842,0.7343,21,15
2025-08-28T12:23:14.972868,57,846930886,-27.29,0.9147,0.4525,24,0
2025-08-28T12:23:14.972868,57,1681692777,-104.77,0.7449,0.8380,14,19
2025-08-28T12:23:14.972868,57,1714636915,-106.78,0.9716,0.7862,1,11
2025-08-28T12:23:14.973996,58,1804289383,-20.44,0.4857,0.7994,20,20
2025-08-28T12:23:14.973996,58,846930886,-71.59,0.7818,0.7117,20,15
2025-08-28T12:23:14.973996,58,1681692777,-96.46,0.3074,0.0995,12,10
2025-08-28T12:23:14.973996,58,1714636915,-42.10,0.7662,0.1497,24,20
2025-08-28T12:23:14.975180,43,1804289383,-67.82,0.2261,0.7632,7,3
2025-08-28T12:23:14.975180,43,846930886,-112.76,0.9461,0.6095,8,19
2025-08-28T12:23:14.975180,43,1681692777,-119.47,0.5581,0.3926,20,20
2025-08-28T12:23:14.975180,43,1714636915,-55.23,0.7871,0.8493,25,4
2025-08-28T12:23:14.976317,59,1804289383,-118.13,0.4070,0.6578,12,17
2025-08-28T12:23:14.976317,59,846930886,-64.70,0.1684,0.7782,14,10
2025-08-28T12:23:14.976317,59,1681692777,-34.99,0.7791,0.9478,26,27
2025-08-28T12:23:14.976317,59,1714636915,-75.50,0.7962,0.3428,10,3
2025-08-28T12:23:14.977370,7,1804289383,-105.93,0.7820,0.3578,18,5
2025-08-28T12:23:14.977370,7,846930886,-74.76,0.9900,0.5932,27,15
2025-08-28T12:23:14.977370,7,1681692777,-63.30,0.8594,0.0702,0,26
2025-08-28T12:23:14.977370,7,1714636915,-115.28,0.7354,0.6367,23,27
2025-08-28T12:23:14.978496,60,1804289383,-64.04,0.8678,0.8151,3,21
2025-08-28T12:23:14.978496,60,846930886,-119.94,0.9025,0.6853,12,5
2025-08-28T12:23:14.978496,60,1681692777,-37.09,0.7825,0.6128,17,16
2025-08-28T12:23:14.978496,60,1714636915,-98.99,0.8191,0.3213,19,16
2025-08-28T12:23:14.979580,91,1804289383,-27.19,0.3017,0.4365,26,9
2025-08-28T12:23:14.979580,91,846930886,-110.81,0.5649,0.8431,3,8
2025-08-28T12:23:14.979580,91,1681692777,-97.10,0.9598,0.3449,24,0
2025-08-28T12:23:14.979580,91,1714636915,-24.33,0.1315,0.8855,27,4
2025-08-28T12:23:14.980823,89,1804289383,-73.27,0.9994,0.4031,11,20
2025-08-28T12:23:14.980823,89,846930886,-74.63,0.7885,0.9672,16,17
2025-08-28T12:23:14.980823,89,1681692777,-23.51,0.7553,0.0946,22,24
2025-08-28T12:23:14.980823,89,1714636915,-84.16,0.5297,0.3943,27,20
2025-08-28T12:23:14.981883,19,1804289383,-53.76,0.8232,0.5791,21,6
2025-08-28T12:23:14.981883,19,846930886,-101.31,0.5308,0.0860,3,14
2025-08-28T12:23:14.981883,19,1681692777,-45.31,0.7711,0.0971,21,13
2025-08-28T12:23:14.981883,19,1714636915,-54.47,0.6616,0.4242,0,27
2025-08-28T12:23:15.464484,4,1804289383,-68.17,0.4045,0.2927,17,13
2025-08-28T12:23:15.464484,4,846930886,-38.92,0.4039,0.3173,4,16
2025-08-28T12:23:15.464484,4,1681692777,-67.62,0.8102,0.3809,1,9
2025-08-28T12:23:15.464484,4,1714636915,-114.33,0.3123,0.5345,19,16
2025-08-28T12:23:15.466545,38,1804289383,-83.67,0.0649,0.5361,15,4
2025-08-28T12:23:15.466545,38,846930886,-107.46,0.7576,0.6898,14,18
2025-08-28T12:23:15.466545,38,1681692777,-67.37,0.5298,0.1140,26,9
2025-08-28T12:23:15.466545,38,1714636915,-85.09,0.9301,0.2077,7,16
2025-08-28T12:23:15.468108,63,1804289383,-47.35,0.2888,0.7880,17,7
2025-08-28T12:23:15.468108,63,846930886,-112.94,0.2610,0.9485,25,23
2025-08-28T12:23:15.468108,63,1681692777,-107.61,0.1355,0.3683,17,22
2025-08-28T12:23:15.468108,63,1714636915,-64.06,0.8815,0.1566,23,19
2025-08-28T12:23:15.469228,95,1804289383,-22.03,0.8168,0.6908,13,14
2025-08-28T12:23:15.469228,95,846930886,-67.11,0.1873,0.7043,17,14
2025-08-28T12:23:15.469228,95,1681692777,-60.99,0.8177,0.2395,15,0
2025-08-28T12:23:15.469228,95,1714636915,-78.97,0.8511,0.6580,14,0
2025-08-28T12:23:15.470314,57,1804289383,-118.74,0.0516,0.5426,11,10
2025-08-28T12:23:15.470314,57,846930886,-107.31,0.1692,0.0451,6,12
2025-08-28T12:23:15.470314,57,1681692777,-108.60,0.9437,0.0246,6,15
2025-08-28T12:23:15.470314,57,1714636915,-102.56,0.3014,0.0031,4,23
2025-08-28T12:23:15.471740,90,1804289383,-49.84,0.9923,0.4567,9,20
2025-08-28T12:23:15.471740,90,846930886,-20.90,0.3596,0.7424,23,16
2025-08-28T12:23:15.471740,90,1681692777,-89.92,0.0426,0.3208,18,20
2025-08-28T12:23:15.471740,90,1714636915,-32.83,0.4700,0.5734,21,23
2025-08-28T12:23:15.472910,36,1804289383,-108.57,0.8284,0.8218,22,7
2025-08-28T12:23:15.472910,36,846930886,-32.40,0.1174,0.6483,24,3
2025-08-28T12:23:15.472910,36,1681692777,-85.80,0.8683,0.4407,15,3
2025-08-28T12:23:15.472910,36,1714636915,-46.05,0.7016,0.9428,8,7
2025-08-28T12:23:15.473991,10,1804289383,-88.96,0.8007,0.5317,22,7
2025-08-28T12:23:15.473991,10,846930886,-39.46,0.8838,0.4173,20,2
2025-08-28T12:23:15.473991,10,1681692777,-85.29,0.6338,0.4134,13,20
2025-08-28T12:23:15.473991,10,1714636915,-78.74,0.4645,0.7561,3,0
2025-08-28T12:23:15.475087,51,1804289383,-71.87,0.8893,0.7385,1,18
2025-08-28T12:23:15.475087,51,846930886,-28.01,0.4241,0.3773,7,19
2025-08-28T12:23:15.475087,51,1681692777,-73.01,0.7206,0.1866,7,6
2025-08-28T12:23:15.475087,51,1714636915,-20.63,0.3537,0.6835,12,24
2025-08-28T12:23:15.476154,88,1804289383,-46.48,0.3587,0.2633,1,26
2025-08-28T12:23:15.476154,88,846930886,-102.36,0.4912,0.3078,9,24
2025-08-28T12:23:15.476154,88,1681692777,-113.00,0.0657,0.6262,14,1
2025-08-28T12:23:15.476154,88,1714636915,-21.38,0.4941,0.0808,8,24
2025-08-28T12:23:15.477192,39,1804289383,-22.70,0.3356,0.7101,13,22
2025-08-28T12:23:15.477192,39,846930886,-119.09,0.6565,0.5175,7,16
2025-08-28T12:23:15.477192,39,1681692777,-31.98,0.3678,0.8361,12,21
2025-08-28T12:23:15.477192,39,1714636915,-45.97,0.3714,0.5709,15,22
2025-08-28T12:23:15.478185,59,1804289383,-69.06,0.8853,0.2296,16,0
2025-08-28T12:23:15.478185,59,846930886,-32.74,0.5902,0.9377,19,26
2025-08-28T12:23:15.478185,59,1681692777,-58.24,0.2082,0.5405,13,15
2025-08-28T12:23:15.478185,59,1714636915,-58.66,0.2741,0.2495,21,18
2025-08-28T12:23:15.479176,34,1804289383,-95.57,0.6830,0.2747,20,24
2025-08-28T12:23:15.479176,34,846930886,-29.48,0.8152,0.9872,10,3
2025-08-28T12:23:15.479176,34,1681692777,-89.74,0.7905,0.2043,10,6
2025-08-28T12:23:15.479176,34,1714636915,-39.94,0.8928,0.6798,2,5
2025-08-28T12:23:15.480547,95,1804289383,-45.92,0.2637,0.9420,23,5
2025-08-28T12:23:15.480547,95,846930886,-113.71,0.9903,0.4814,27,1
2025-08-28T12:23:15.480547,95,1681692777,-49.31,0.7458,0.6594,18,10
2025-08-28T12:23:15.480547,95,1714636915,-98.93,0.5221,0.9800,23,16
2025-08-28T12:23:15.482084,36,1804289383,-45.67,0.7012,0.0758,19,4
2025-08-28T12:23:15.482084,36,846930886,-50.81,0.4232,0.4296,23,11
2025-08-28T12:23:15.482084,36,1681692777,-102.08,0.9556,0.6895,4,19
2025-08-28T12:23:15.482084,36,1714636915,-23.16,0.1695,0.3050,26,2
2025-08-28T12:23:15.965002,71,1804289383,-49.30,0.2137,0.4746,22,17
2025-08-28T12:23:15.965002,71,846930886,-70.64,0.6869,0.7299,27,0
2025-08-28T12:23:15.965002,71,1681692777,-72.55,0.1947,0.5359,1,20
2025-08-28T12:23:15.965002,71,1714636915,-100.35,0.8977,0.2535,20,26
2025-08-28T12:23:15.966677,99,1804289383,-22.43,0.3347,0.8711,22,0
2025-08-28T12:23:15.966677,99,846930886,-60.52,0.2808,0.2087,7,19
2025-08-28T12:23:15.966677,99,1681692777,-57.01,0.8085,0.5231,16,24
2025-08-28T12:23:15.966677,99,1714636915,-118.66,0.3168,0.0577,25,1
2025-08-28T12:23:15.967756,73,1804289383,-116.81,0.3128,0.2634,5,6
2025-08-28T12:23:15.967756,73,846930886,-39.37,0.2854,0.0139,13,15
2025-08-28T12:23:15.967756,73,1681692777,-105.82,0.1410,0.8483,24,13
2025-08-28T12:23:15.967756,73,1714636915,-71.64,0.4225,0.5899,7,7
2025-08-28T12:23:15.968778,30,1804289383,-58.01,0.9941,0.1427,10,5
2025-08-28T12:23:15.968778,30,846930886,-96.36,0.6776,0.5273,20,3
2025-08-28T12:23:15.968778,30,1681692777,-43.26,0.5492,0.7298,18,7
2025-08-28T12:23:15.968778,30,1714636915,-50.29,0.0528,0.3806,0,16
2025-08-28T12:23:15.969803,2,1804289383,-98.07,0.8784,0.6884,11,7
2025-08-28T12:23:15.969803,2,846930886,-61.81,0.8092,0.2509,22,9
2025-08-28T12:23:15.969803,2,1681692777,-103.71,0.5760,0.4646,23,6
2025-08-28T12:23:15.969803,2,1714636915,-103.95,0.8405,0.6172,12,26
2025-08-28T12:23:15.970793,25,1804289383,-112.37,0.0367,0.1200,4,17
2025-08-28T12:23:15.970793,25,846930886,-99.71,0.4569,0.6246,10,9
2025-08-28T12:23:15.970793,25,1681692777,-51.81,0.0812,0.6918,26,13
2025-08-28T12:23:15.970793,25,1714636915,-81.54,0.4911,0.0993,17,10
2025-08-28T12:23:15.972107,49,1804289383,-114.95,0.2777,0.8052,20,3
2025-08-28T12:23:15.972107,49,846930886,-24.74,0.6678,0.3622,12,16
2025-08-28T12:23:15.972107,49,1681692777,-105.18,0.9892,0.1405,1,16
2025-08-28T12:23:15.972107,49,1714636915,-68.38,0.6051,0.5413,15,12
2025-08-28T12:23:15.973150,1,1804289383,-75.41,0.3004,0.6859,2,27
2025-08-28T12:23:15.973150,1,846930886,-21.00,0.5452,0.4877,26,9
2025-08-28T12:23:15.973150,1,1681692777,-70.11,0.2677,0.9928,23,24
2025-08-28T12:23:15.973150,1,1714636915,-60.90,0.1667,0.8317,27,9
2025-08-28T12:23:15.974191,50,1804289383,-70.30,0.3276,0.0517,14,22
2025-08-28T12:23:15.974191,50,846930886,-93.47,0.0384,0.1571,22,25
2025-08-28T12:23:15.974191,50,1681692777,-99.97,0.5656,0.7282,1,14
2025-08-28T12:23:15.974191,50,1714636915,-30.48,0.7455,0.1564,15,8
2025-08-28T12:23:15.975376,32,1804289383,-56.76,0.9258,0.1036,17,7
2025-08-28T12:23:15.975376,32,846930886,-74.26,0.4641,0.1552,22,18
2025-08-28T12:23:15.975376,32,1681692777,-96.74,0.7849,0.4193,2,18
2025-08-28T12:23:15.975376,32,1714636915,-85.87,0.2709,0.5829,13,16
2025-08-28T12:23:15.976743,62,1804289383,-62.44,0.0414,0.5377,26,1
2025-08-28T12:23:15.976743,62,846930886,-98.38,0.7320,0.8419,14,11
2025-08-28T12:23:15.976743,62,1681692777,-56.28,0.1419,0.4403,10,14
2025-08-28T12:23:15.976743,62,1714636915,-103.20,0.1013,0.8614,15,9
2025-08-28T12:23:15.977832,93,1804289383,-82.12,0.8881,0.8295,17,20
2025-08-28T12:23:15.977832,93,846930886,-78.64,0.9617,0.3054,2,8
2025-08-28T12:23:15.977832,93,1681692777,-41.22,0.4551,0.8367,27,16
2025-08-28T12:23:15.977832,93,1714636915,-86.40,0.5198,0.2436,25,20
2025-08-28T12:23:15.978907,29,1804289383,-101.59,0.2969,0.8857,14,20
2025-08-28T12:23:15.978907,29,846930886,-74.42,0.0455,0.1755,4,10
2025-08-28T12:23:15.978907,29,1681692777,-69.28,0.3439,0.4719,4,25
2025-08-28T12:23:15.978907,29,1714636915,-21.40,0.4689,0.6134,20,25
2025-08-28T12:23:15.980332,80,1804289383,-35.72,0.6045,0.6135,23,7
2025-08-28T12:23:15.980332,80,846930886,-21.02,0.0865,0.0603,16,6
2025-08-28T12:23:15.980332,80,1681692777,-47.77,0.2866,0.2206,18,4
2025-08-28T12:23:15.980332,80,1714636915,-53.66,0.7678,0.4696,21,18
2025-08-28T12:23:15.981419,52,1804289383,-88.46,0.8821,0.1053,8,25
2025-08-28T12:23:15.981419,52,846930886,-85.80,0.9288,0.4405,13,26
2025-08-28T12:23:15.981419,52,1681692777,-47.56,0.9465,0.3679,15,17
2025-08-28T12:23:15.981419,52,1714636915,-70.90,0.8108,0.7311,9,2
2025-08-28T12:23:16.465595,17,1804289383,-112.83,0.3663,0.9916,13,2
2025-08-28T12:23:16.465595,17,846930886,-103.04,0.5413,0.2373,24,4
2025-08-28T12:23:16.465595,17,1681692777,-64.00,0.0517,0.2446,27,0
2025-08-28T12:23:16.465595,17,1714636915,-103.93,0.4888,0.9467,4,5
2025-08-28T12:23:16.467509,68,1804289383,-42.20,0.6111,0.5526,15,24
2025-08-28T12:23:16.467509,68,846930886,-69.08,0.5090,0.6033,19,16
2025-08-28T12:23:16.467509,68,1681692777,-74.74,0.8755,0.7699,11,2
2025-08-28T12:23:16.467509,68,1714636915,-50.11,0.9939,0.6867,2,8
2025-08-28T12:23:16.468551,18,1804289383,-94.32,0.3780,0.4914,17,18
2025-08-28T12:23:16.468551,18,846930886,-97.66,0.2035,0.3575,8,7
2025-08-28T12:23:16.468551,18,1681692777,-95.74,0.8345,0.5844,8,7
2025-08-28T12:23:16.468551,18,1714636915,-74.30,0.7516,0.5501,3,1
2025-08-28T12:23:16.469902,74,1804289383,-41.80,0.2998,0.3835,6,21
2025-08-28T12:23:16.469902,74,846930886,-68.92,0.4687,0.5279,15,14
2025-08-28T12:23:16.469902,74,1681692777,-66.46,0.8887,0.8914,2,1
2025-08-28T12:23:16.469902,74,1714636915,-110.51,0.7389,0.4429,27,12
2025-08-28T12:23:16.471217,45,1804289383,-32.38,0.3550,0.1502,13,9
2025-08-28T12:23:16.471217,45,846930886,-76.83,0.4263,0.7599,15,16
2025-08-28T12:23:16.471217,45,1681692777,-32.56,0.7315,0.7407,18,7
2025-08-28T12:23:16.471217,45,1714636915,-57.11,0.3431,0.0885,17,16
2025-08-28T12:23:16.472674,49,1804289383,-59.69,0.6346,0.9024,14,18
2025-08-28T12:23:16.472674,49,846930886,-78.80,0.0461,0.6011,19,2
2025-08-28T12:23:16.472674,49,1681692777,-79.32,0.7670,0.1038,20,5
2025-08-28T12:23:16.472674,49,1714636915,-76.26,0.8331,0.8297,20,18
2025-08-28T12:23:16.473689,22,1804289383,-47.05,0.9310,0.7965,13,11
2025-08-28T12:23:16.473689,22,846930886,-31.74,0.8180,0.6781,6,15
2025-08-28T12:23:16.473689,22,1681692777,-40.11,0.5172,0.0875,11,24
2025-08-28T12:23:16.473689,22,1714636915,-105.92,0.8450,0.6244,16,3
2025-08-28T12:23:16.474774,71,1804289383,-22.24,0.9025,0.5617,5,27
2025-08-28T12:23:16.474774,71,846930886,-61.50,0.8073,0.3455,11,4
2025-08-28T12:23:16.474774,71,1681692777,-95.62,0.5160,0.5258,12,3
2025-08-28T12:23:16.474774,71,1714636915,-65.20,0.0618,0.2433,16,27
2025-08-28T12:23:16.476016,81,1804289383,-111.14,0.3344,0.2380,2,13
2025-08-28T12:23:16.476016,81,846930886,-31.84,0.7130,0.2039,16,27
2025-08-28T12:23:16.476016,81,1681692777,-111.07,0.7841,0.4297,2,22
2025-08-28T12:23:16.476016,81,1714636915,-79.05,0.8966,0.0377,12,9
2025-08-28T12:23:16.477172,59,1804289383,-70.92,0.1518,0.7960,20,10
2025-08-28T12:23:16.477172,59,846930886,-109.53,0.7341,0.3652,16,5
2025-08-28T12:23:16.477172,59,1681692777,-68.10,0.4391,0.4111,6,19
2025-08-28T12:23:16.477172,59,1714636915,-82.43,0.2320,0.7062,26,16
2025-08-28T12:23:16.478254,68,1804289383,-34.79,0.5296,0.9072,0,23
2025-08-28T12:23:16.478254,68,846930886,-77.02,0.8899,0.7636,2,7
2025-08-28T12:23:16.478254,68,1681692777,-102.01,0.5816,0.2380,12,9
2025-08-28T12:23:16.478254,68,1714636915,-99.95,0.9139,0.7640,18,21
2025-08-28T12:23:16.479278,17,1804289383,-105.81,0.4981,0.7134,14,20
2025-08-28T12:23:16.479278,17,846930886,-115.47,0.8481,0.3680,2,5
2025-08-28T12:23:16.479278,17,1681692777,-82.00,0.5749,0.5733,24,16
2025-08-28T12:23:16.479278,17,1714636915,-39.31,0.2699,0.6925,17,26
2025-08-28T12:23:16.480541,42,1804289383,-41.27,0.9498,0.5614,25,12
2025-08-28T12:23:16.480541,42,846930886,-63.76,0.5513,0.2461,21,11
2025-08-28T12:23:16.480541,42,1681692777,-117.25,0.0605,0.4591,8,3
2025-08-28T12:23:16.480541,42,1714636915,-75.03,0.8757,0.4207,24,16
2025-08-28T12:23:16.481585,79,1804289383,-24.65,0.1150,0.3286,6,8
2025-08-28T12:23:16.481585,79,846930886,-88.97,0.6460,0.2990,10,26
2025-08-28T12:23:16.481585,79,1681692777,-72.53,0.2601,0.5890,24,16
2025-08-28T12:23:16.481585,79,1714636915,-57.33,0.0260,0.5517,27,8
2025-08-28T12:23:16.482783,87,1804289383,-46.00,0.2308,0.4649,13,11
2025-08-28T12:23:16.482783,87,846930886,-31.77,0.1607,0.0850,3,16
2025-08-28T12:23:16.482783,87,1681692777,-113.68,0.9973,0.4379,15,17
2025-08-28T12:23:16.482783,87,1714636915,-85.35,0.7092,0.7883,19,23
2025-08-28T12:23:16.966327,100,1804289383,-28.77,0.3258,0.9505,12,23
2025-08-28T12:23:16.966327,100,846930886,-45.18,0.4639,0.0168,26,15
2025-08-28T12:23:16.966327,100,1681692777,-75.60,0.9791,0.3662,13,9
2025-08-28T12:23:16.966327,100,1714636915,-61.10,0.6047,0.6994,13,3
2025-08-28T12:23:16.967963,6,1804289383,-112.44,0.1519,0.8722,10,6
2025-08-28T12:23:16.967963,6,846930886,-88.18,0.8639,0.5347,1,19
2025-08-28T12:23:16.967963,6,1681692777,-114.64,0.6439,0.2901,2,9
2025-08-28T12:23:16.967963,6,1714636915,-118.52,0.5175,0.0508,24,4
2025-08-28T12:23:16.969269,77,1804289383,-59.17,0.7850,0.1988,16,5
2025-08-28T12:23:16.969269,77,846930886,-68.24,0.3077,0.0806,27,11
2025-08-28T12:23:16.969269,77,1681692777,-45.76,0.6694,0.9890,6,2
2025-08-28T12:23:16.969269,77,1714636915,-31.14,0.6063,0.3923,27,19
2025-08-28T12:23:16.970261,16,1804289383,-63.35,0.2360,0.5873,22,14
2025-08-28T12:23:16.970261,16,846930886,-67.64,0.6174,0.5174,11,20
2025-08-28T12:23:16.970261,16,1681692777,-108.04,0.3086,0.5710,6,24
2025-08-28T12:23:16.970261,16,1714636915,-30.79,0.4272,0.8810,27,3
2025-08-28T12:23:16.971522,71,1804289383,-78.08,0.5330,0.2902,9,6
2025-08-28T12:23:16.971522,71,846930886,-35.76,0.8115,0.9920,0,8
2025-08-28T12:23:16.971522,71,1681692777,-110.90,0.0784,0.9325,9,13
2025-08-28T12:23:16.971522,71,1714636915,-63.91,0.7083,0.0983,15,7
2025-08-28T12:23:16.972751,86,1804289383,-53.01,0.6516,0.7291,1,8
2025-08-28T12:23:16.972751,86,846930886,-49.96,0.5508,0.9182,10,18
2025-08-28T12:23:16.972751,86,1681692777,-30.10,0.2334,0.3889,23,7
2025-08-28T12:23:16.972751,86,1714636915,-107.21,0.7105,0.3287,8,10
2025-08-28T12:23:16.973946,74,1804289383,-41.28,0.9882,0.9442,21,11
2025-08-28T12:23:16.973946,74,846930886,-46.70,0.8855,0.5864,12,15
2025-08-28T12:23:16.973946,74,1681692777,-107.42,0.3846,0.2242,5,0
2025-08-28T12:23:16.973946,74,1714636915,-111.90,0.6767,0.3289,7,8
2025-08-28T12:23:16.975151,2,1804289383,-54.89,0.1642,0.7077,16,16
2025-08-28T12:23:16.975151,2,846930886,-72.62,0.9798,0.5775,24,21
2025-08-28T12:23:16.975151,2,1681692777,-62.91,0.4620,0.7772,26,11
2025-08-28T12:23:16.975151,2,1714636915,-103.73,0.4564,0.0738,27,14
2025-08-28T12:23:16.976300,89,1804289383,-24.20,0.1758,0.6556,3,26
2025-08-28T12:23:16.976300,89,846930886,-109.24,0.2870,0.6374,24,27
2025-08-28T12:23:16.976300,89,1681692777,-59.70,0.2718,0.8033,15,4
2025-08-28T12:23:16.976300,89,1714636915,-50.47,0.5828,0.2989,6,2
2025-08-28T12:23:16.977591,59,1804289383,-55.53,0.1930,0.6536,16,13
2025-08-28T12:23:16.977591,59,846930886,-113.84,0.7185,0.7854,13,19
2025-08-28T12:23:16.977591,59,1681692777,-90.92,0.2374,0.9039,3,12
2025-08-28T12:23:16.977591,59,1714636915,-85.63,0.5777,0.4313,7,21
2025-08-28T12:23:16.978626,33,1804289383,-86.30,0.4767,0.9861,27,15
2025-08-28T12:23:16.978626,33,846930886,-21.53,0.6359,0.3935,0,1
2025-08-28T12:23:16.978626,33,1681692777,-100.45,0.1777,0.3723,27,11
2025-08-28T12:23:16.978626,33,1714636915,-65.61,0.9140,0.5858,11,13
2025-08-28T12:23:16.979771,17,1804289383,-62.48,0.0662,0.2092,10,14
2025-08-28T12:23:16.979771,17,846930886,-73.97,0.0064,0.6461,10,26
2025-08-28T12:23:16.979771,17,1681692777,-60.14,0.9370,0.3755,13,15
2025-08-28T12:23:16.979771,17,1714636915,-27.09,0.2345,0.0287,9,10
2025-08-28T12:23:16.980994,34,1804289383,-29.29,0.3254,0.7749,2,8
2025-08-28T12:23:16.980994,34,846930886,-34.87,0.4929,0.3517,18,13
2025-08-28T12:23:16.980994,34,1681692777,-49.18,0.9175,0.6206,11,20
2025-08-28T12:23:16.980994,34,1714636915,-33.21,0.7146,0.8660,20,6
2025-08-28T12:23:16.982079,2,1804289383,-75.98,0.4796,0.7263,19,14
2025-08-28T12:23:16.982079,2,846930886,-28.61,0.4689,0.3531,11,12
2025-08-28T12:23:16.982079,2,1681692777,-83.30,0.2393,0.8233,25,14
2025-08-28T12:23:16.982079,2,1714636915,-83.65,0.8599,0.3987,7,5
2025-08-28T12:23:16.983126,42,1804289383,-69.90,0.8918,0.2399,4,23
2025-08-28T12:23:16.983126,42,846930886,-114.15,0.3670,0.1672,17,26
2025-08-28T12:23:16.983126,42,1681692777,-78.77,0.5381,0.2209,10,4
2025-08-28T12:23:16.983126,42,1714636915,-110.43,0.8812,0.3152,19,3
2025-08-28T12:23:17.466784,12,1804289383,-81.79,0.7527,0.1420,23,16
2025-08-28T12:23:17.466784,12,846930886,-92.69,0.7808,0.6285,12,4
2025-08-28T12:23:17.466784,12,1681692777,-78.95,0.1649,0.5524,12,17
2025-08-28T12:23:17.466784,12,1714636915,-63.46,0.7775,0.6315,3,9
2025-08-28T12:23:17.468513,85,1804289383,-113.44,0.4931,0.0159,13,19
2025-08-28T12:23:17.468513,85,846930886,-37.34,0.3808,0.7705,20,27
2025-08-28T12:23:17.468513,85,1681692777,-71.24,0.5793,0.2979,27,8
2025-08-28T12:23:17.468513,85,1714636915,-62.71,0.2683,0.4728,23,12
2025-08-28T12:23:17.470370,31,1804289383,-99.80,0.1332,0.7929,6,18
2025-08-28T12:23:17.470370,31,846930886,-35.73,0.8335,0.2054,0,25
2025-08-28T12:23:17.470370,31,1681692777,-82.55,0.3358,0.4531,13,15
2025-08-28T12:23:17.470370,31,1714636915,-102.32,0.7553,0.7811,7,21
2025-08-28T12:23:17.472021,39,1804289383,-59.96,0.2090,0.3742,19,20
2025-08-28T12:23:17.472021,39,846930886,-97.66,0.0732,0.0817,1,18
2025-08-28T12:23:17.472021,39,1681692777,-117.84,0.3566,0.2486,23,8
2025-08-28T12:23:17.472021,39,1714636915,-53.83,0.8551,0.2021,1,11
2025-08-28T12:23:17.473145,67,1804289383,-119.19,0.7453,0.8855,11,22
2025-08-28T12:23:17.473145,67,846930886,-64.81,0.7892,0.2723,26,15
2025-08-28T12:23:17.473145,67,1681692777,-57.13,0.7609,0.0500,27,11
2025-08-28T12:23:17.473145,67,1714636915,-28.41,0.7019,0.3515,27,8
2025-08-28T12:23:17.474207,58,1804289383,-93.08,0.4061,0.1927,8,19
2025-08-28T12:23:17.474207,58,846930886,-85.99,0.4713,0.8869,16,8
2025-08-28T12:23:17.474207,58,1681692777,-30.75,0.0854,0.8678,0,1
2025-08-28T12:23:17.474207,58,1714636915,-113.95,0.6817,0.4532,21,21
2025-08-28T12:23:17.475320,95,1804289383,-110.88,0.4076,0.1102,7,15
2025-08-28T12:23:17.475320,95,846930886,-23.03,0.4427,0.0161,20,13
2025-08-28T12:23:17.475320,95,1681692777,-64.22,0.3758,0.8065,23,1
2025-08-28T12:23:17.475320,95,1714636915,-100.57,0.0290,0.4879,21,21
2025-08-28T12:23:17.476373,100,1804289383,-73.94,0.8791,0.2647,1,23
2025-08-28T12:23:17.476373,100,846930886,-89.61,0.9137,0.4481,4,7
2025-08-28T12:23:17.476373,100,1681692777,-83.93,0.7115,0.5054,19,5
2025-08-28T12:23:17.476373,100,1714636915,-91.27,0.8034,0.8277,2,17
2025-08-28T12:23:17.477390,24,1804289383,-93.58,0.2236,0.6740,10,14
2025-08-28T12:23:17.477390,24,846930886,-48.56,0.7521,0.2722,3,10
2025-08-28T12:23:17.477390,24,1681692777,-118.76,0.5935,0.3890,10,22
2025-08-28T12:23:17.477390,24,1714636915,-56.08,0.9262,0.4292,4,1
2025-08-28T12:23:17.478398,74,1804289383,-103.76,0.8269,0.0594,27,24
2025-08-28T12:23:17.478398,74,846930886,-92.00,0.9901,0.4318,15,3
2025-08-28T12:23:17.478398,74,1681692777,-84.08,0.5036,0.7804,18,7
2025-08-28T12:23:17.478398,74,1714636915,-100.22,0.1113,0.8537,13,0
2025-08-28T12:23:17.479670,4,1804289383,-42.76,0.6245,0.4180,23,16
2025-08-28T12:23:17.479670,4,846930886,-53.45,0.2016,0.5991,9,20
2025-08-28T12:23:17.479670,4,1681692777,-108.78,0.4924,0.9597,13,16
2025-08-28T12:23:17.479670,4,1714636915,-109.75,0.1023,0.0687,11,2
2025-08-28T12:23:17.480850,67,1804289383,-101.24,0.9891,0.5229,12,12
2025-08-28T12:23:17.480850,67,846930886,-33.03,0.0413,0.6703,12,3
2025-08-28T12:23:17.480850,67,1681692777,-96.60,0.4942,0.8648,18,1
2025-08-28T12:23:17.480850,67,1714636915,-32.56,0.4356,0.0532,18,9
2025-08-28T12:23:17.482022,1,1804289383,-119.63,0.2956,0.1152,10,3
2025-08-28T12:23:17.482022,1,846930886,-77.38,0.0724,0.2206,17,12
2025-08-28T12:23:17.482022,1,1681692777,-118.56,0.4153,0.7589,3,16
2025-08-28T12:23:17.482022,1,1714636915,-93.72,0.0556,0.5581,14,14
2025-08-28T12:23:17.483072,78,1804289383,-98.89,0.3672,0.2537,0,1
2025-08-28T12:23:17.483072,78,846930886,-117.49,0.2643,0.4505,25,24
2025-08-28T12:23:17.483072,78,1681692777,-37.90,0.3207,0.3826,23,7
2025-08-28T12:23:17.483072,78,1714636915,-117.37,0.8934,0.6595,0,12
2025-08-28T12:23:17.484168,13,1804289383,-87.06,0.8884,0.5006,21,3
2025-08-28T12:23:17.484168,13,846930886,-114.14,0.8875,0.5443,24,13
2025-08-28T12:23:17.484168,13,1681692777,-68.75,0.4258,0.1609,12,13
2025-08-28T12:23:17.484168,13,1714636915,-32.46,0.7768,0.4523,23,25
2025-08-28T12:23:17.967411,62,1804289383,-56.51,0.4266,0.0907,19,20
2025-08-28T12:23:17.967411,62,846930886,-108.65,0.2944,0.0531,22,22
2025-08-28T12:23:17.967411,62,1681692777,-37.59,0.0019,0.2813,2,12
2025-08-28T12:23:17.967411,62,1714636915,-30.39,0.7116,0.8278,9,19
2025-08-28T12:23:17.969099,11,1804289383,-87.62,0.7798,0.6416,18,13
2025-08-28T12:23:17.969099,11,846930886,-73.75,0.7761,0.5054,9,4
2025-08-28T12:23:17.969099,11,1681692777,-86.36,0.8891,0.1364,27,7
2025-08-28T12:23:17.969099,11,1714636915,-96.59,0.6308,0.9690,14,2
2025-08-28T12:23:17.971000,96,1804289383,-68.05,0.6928,0.2878,19,20
2025-08-28T12:23:17.971000,96,846930886,-58.17,0.3472,0.4264,21,14
2025-08-28T12:23:17.971000,96,1681692777,-112.79,0.3981,0.1180,20,7
2025-08-28T12:23:17.971000,96,1714636915,-20.11,0.8482,0.5334,18,27
2025-08-28T12:23:17.972385,24,1804289383,-39.61,0.0304,0.5713,13,17
2025-08-28T12:23:17.972385,24,846930886,-58.63,0.7728,0.3849,12,19
2025-08-28T12:23:17.972385,24,1681692777,-105.96,0.3065,0.5243,2,9
2025-08-28T12:23:17.972385,24,1714636915,-105.81,0.4877,0.2632,24,1
2025-08-28T12:23:17.973555,6,1804289383,-63.20,0.0821,0.0836,8,19
2025-08-28T12:23:17.973555,6,846930886,-37.43,0.1015,0.6173,12,27
2025-08-28T12:23:17.973555,6,1681692777,-89.08,0.8561,0.9077,24,11
2025-08-28T12:23:17.973555,6,1714636915,-47.64,0.0820,0.3919,25,25
2025-08-28T12:23:17.974609,20,1804289383,-33.32,0.8428,0.1533,22,27
2025-08-28T12:23:17.974609,20,846930886,-59.50,0.1300,0.5083,27,10
2025-08-28T12:23:17.974609,20,1681692777,-58.36,0.6870,0.2250,1,12
2025-08-28T12:23:17.974609,20,1714636915,-21.75,0.7178,0.9228,8,21
2025-08-28T12:23:17.975632,6,1804289383,-35.45,0.9620,0.7373,12,7
2025-08-28T12:23:17.975632,6,846930886,-106.22,0.2374,0.7955,15,9
2025-08-28T12:23:17.975632,6,1681692777,-50.76,0.9806,0.4035,24,24
2025-08-28T12:23:17.975632,6,1714636915,-55.06,0.8224,0.8554,3,7
2025-08-28T12:23:17.976670,57,1804289383,-55.80,0.1889,0.5200,9,15
2025-08-28T12:23:17.976670,57,846930886,-90.79,0.5648,0.3281,12,0
2025-08-28T12:23:17.976670,57,1681692777,-118.79,0.2541,0.7302,9,11
2025-08-28T12:23:17.976670,57,1714636915,-51.27,0.2495,0.1214,3,2
2025-08-28T12:23:17.977743,40,1804289383,-118.50,0.9032,0.6394,12,7
2025-08-28T12:23:17.977743,40,846930886,-77.43,0.8703,0.5970,27,24
2025-08-28T12:23:17.977743,40,1681692777,-62.46,0.6146,0.2941,1,17
2025-08-28T12:23:17.977743,40,1714636915,-37.59,0.1402,0.2885,6,13
2025-08-28T12:23:17.978731,79,1804289383,-79.59,0.8633,0.4672,20,27
2025-08-28T12:23:17.978731,79,846930886,-98.36,0.5256,0.1002,8,5
2025-08-28T12:23:17.978731,79,1681692777,-41.69,0.1196,0.1119,10,19
2025-08-28T12:23:17.978731,79,1714636915,-20.06,0.6534,0.6642,18,18
2025-08-28T12:23:17.979796,57,1804289383,-62.57,0.7215,0.1731,21,17
2025-08-28T12:23:17.979796,57,846930886,-75.36,0.8628,0.0775,14,9
2025-08-28T12:23:17.979796,57,1681692777,-64.02,0.3097,0.7851,25,8
2025-08-28T12:23:17.979796,57,1714636915,-48.17,0.0853,0.8226,25,19
2025-08-28T12:23:17.981009,55,1804289383,-29.49,0.6698,0.3738,11,9
2025-08-28T12:23:17.981009,55,846930886,-74.53,0.5694,0.2429,15,27
2025-08-28T12:23:17.981009,55,1681692777,-76.87,0.1762,0.3402,24,13
2025-08-28T12:23:17.981009,55,1714636915,-110.01,0.2940,0.5071,1,23
2025-08-28T12:23:17.982127,36,1804289383,-106.79,0.3970,0.2225,18,7
2025-08-28T12:23:17.982127,36,846930886,-33.43,0.9547,0.6171,11,18
2025-08-28T12:23:17.982127,36,1681692777,-83.98,0.5355,0.9193,8,11
2025-08-28T12:23:17.982127,36,1714636915,-79.88,0.9296,0.0220,6,1
2025-08-28T12:23:17.983143,67,1804289383,-119.31,0.4369,0.3102,27,15
2025-08-28T12:23:17.983143,67,846930886,-98.39,0.5140,0.1903,27,17
2025-08-28T12:23:17.983143,67,1681692777,-46.81,0.6131,0.3992,14,24
2025-08-28T12:23:17.983143,67,1714636915,-62.73,0.6867,0.1290,12,13
2025-08-28T12:23:17.984131,53,1804289383,-31.27,0.1514,0.9442,21,25
2025-08-28T12:23:17.984131,53,846930886,-22.96,0.9092,0.4991,15,27
2025-08-28T12:23:17.984131,53,1681692777,-111.67,0.4073,0.0983,17,15
2025-08-28T12:23:17.984131,53,1714636915,-28.14,0.5972,0.6880,26,9
2025-08-28T12:23:17.985172,26,1804289383,-115.65,0.1731,0.0198,24,6
2025-08-28T12:23:17.985172,26,846930886,-26.14,0.1726,0.4529,17,13
2025-08-28T12:23:17.985172,26,1681692777,-75.16,0.0900,0.7008,21,17
2025-08-28T12:23:17.985172,26,1714636915,-65.50,0.3576,0.6870,12,9
2025-08-28T12:23:18.468006,65,1804289383,-75.00,0.2441,0.8466,27,25
2025-08-28T12:23:18.468006,65,846930886,-98.22,0.1379,0.8652,26,22
2025-08-28T12:23:18.468006,65,1681692777,-75.97,0.3909,0.4455,15,6
2025-08-28T12:23:18.468006,65,1714636915,-110.94,0.6129,0.7240,10,5
2025-08-28T12:23:18.470591,63,1804289383,-83.16,0.0703,0.7335,19,0
2025-08-28T12:23:18.470591,63,846930886,-96.30,0.0554,0.1899,4,16
2025-08-28T12:23:18.470591,63,1681692777,-60.79,0.4811,0.6653,8,13
2025-08-28T12:23:18.470591,63,1714636915,-87.31,0.7300,0.2929,12,13
2025-08-28T12:23:18.472151,41,1804289383,-21.11,0.6013,0.1300,6,10
2025-08-28T12:23:18.472151,41,846930886,-108.75,0.7129,0.8438,11,6
2025-08-28T12:23:18.472151,41,1681692777,-80.72,0.1828,0.7315,25,27
2025-08-28T12:23:18.472151,41,1714636915,-114.04,0.4482,0.0175,20,7
2025-08-28T12:23:18.473363,92,1804289383,-23.16,0.9323,0.7517,20,6
2025-08-28T12:23:18.473363,92,846930886,-56.25,0.2612,0.3684,17,24
2025-08-28T12:23:18.473363,92,1681692777,-112.48,0.2388,0.0810,9,13
2025-08-28T12:23:18.473363,92,1714636915,-26.36,0.7881,0.8359,24,14
2025-08-28T12:23:18.474370,42,1804289383,-25.32,0.5176,0.2532,17,10
2025-08-28T12:23:18.474370,42,846930886,-23.17,0.9644,0.3998,14,6
2025-08-28T12:23:18.474370,42,1681692777,-29.12,0.9006,0.8757,2,24
2025-08-28T12:23:18.474370,42,1714636915,-20.50,0.1701,0.3105,9,23
2025-08-28T12:23:18.475696,79,1804289383,-97.41,0.2020,0.4719,9,3
2025-08-28T12:23:18.475696,79,846930886,-115.39,0.0619,0.9623,1,17
2025-08-28T12:23:18.475696,79,1681692777,-117.17,0.5637,0.1754,7,2
2025-08-28T12:23:18.475696,79,1714636915,-35.49,0.9927,0.3038,26,23
2025-08-28T12:23:18.476756,34,1804289383,-51.22,0.9924,0.1530,12,6
2025-08-28T12:23:18.476756,34,846930886,-75.59,0.9983,0.3449,2,12
2025-08-28T12:23:18.476756,34,1681692777,-39.53,0.6461,0.8669,8,8
2025-08-28T12:23:18.476756,34,1714636915,-102.69,0.8665,0.6343,8,7
2025-08-28T12:23:18.477878,2,1804289383,-55.92,0.9641,0.7441,14,25
2025-08-28T12:23:18.477878,2,846930886,-34.65,0.9445,0.6859,13,7
2025-08-28T12:23:18.477878,2,1681692777,-108.06,0.8459,0.3418,9,19
2025-08-28T12:23:18.477878,2,1714636915,-109.11,0.1176,0.5408,23,16
2025-08-28T12:23:18.478961,98,1804289383,-104.68,0.5322,0.6213,25,18
2025-08-28T12:23:18.478961,98,846930886,-94.84,0.6940,0.3060,21,17
2025-08-28T12:23:18.478961,98,1681692777,-71.20,0.6311,0.7379,18,15
2025-08-28T12:23:18.478961,98,1714636915,-109.19,0.5492,0.8172,17,22
2025-08-28T12:23:18.480106,68,1804289383,-77.30,0.3795,0.9242,8,2
2025-08-28T12:23:18.480106,68,846930886,-62.05,0.0613,0.6796,20,21
2025-08-28T12:23:18.480106,68,1681692777,-114.28,0.5436,0.5212,4,27
2025-08-28T12:23:18.480106,68,1714636915,-108.86,0.0017,0.0703,9,10
2025-08-28T12:23:18.481246,14,1804289383,-116.39,0.8474,0.2907,18,24
2025-08-28T12:23:18.481246,14,846930886,-71.72,0.1065,0.2168,1,0
2025-08-28T12:23:18.481246,14,1681692777,-87.26,0.0150,0.2297,9,1
2025-08-28T12:23:18.481246,14,1714636915,-97.97,0.0215,0.5180,22,14
2025-08-28T12:23:18.482292,17,1804289383,-21.10,0.5729,0.0670,7,11
2025-08-28T12:23:18.482292,17,846930886,-25.75,0.8062,0.2097,7,1
2025-08-28T12:23:18.482292,17,1681692777,-30.25,0.7899,0.3305,9,4
2025-08-28T12:23:18.482292,17,1714636915,-109.42,0.0040,0.1121,23,19
2025-08-28T12:23:18.483346,66,1804289383,-86.72,0.8421,0.6137,19,5
2025-08-28T12:23:18.483346,66,846930886,-72.98,0.8509,0.0311,9,23
2025-08-28T12:23:18.483346,66,1681692777,-32.85,0.0431,0.4969,10,2
2025-08-28T12:23:18.483346,66,1714636915,-114.44,0.6777,0.3543,25,25
2025-08-28T12:23:18.484506,41,1804289383,-45.93,0.0480,0.1132,21,21
2025-08-28T12:23:18.484506,41,846930886,-47.04,0.8527,0.7767,21,21
2025-08-28T12:23:18.484506,41,1681692777,-96.97,0.5717,0.7526,10,15
2025-08-28T12:23:18.484506,41,1714636915,-34.21,0.0812,0.4135,25,3
2025-08-28T12:23:18.485638,59,1804289383,-115.44,0.0080,0.1675,19,11
2025-08-28T12:23:18.485638,59,846930886,-63.73,0.3999,0.1767,5,24
2025-08-28T12:23:18.485638,59,1681692777,-43.72,0.6107,0.7289,15,26
2025-08-28T12:23:18.485638,59,1714636915,-62.43,0.6156,0.0583,20,7
2025-08-28T12:23:18.486619,53,1804289383,-67.01,0.5072,0.1861,17,26
2025-08-28T12:23:18.486619,53,846930886,-42.15,0.9434,0.7529,11,14
2025-08-28T12:23:18.486619,53,1681692777,-50.05,0.7865,0.4068,3,0
2025-08-28T12:23:18.486619,53,1714636915,-38.53,0.0994,0.0843,9,17
2025-08-28T12:23:18.968516,80,1804289383,-49.30,0.4439,0.8693,9,25
2025-08-28T12:23:18.968516,80,846930886,-96.06,0.7654,0.8656,7,11
2025-08-28T12:23:18.968516,80,1681692777,-65.71,0.7466,0.9073,4,0
2025-08-28T12:23:18.968516,80,1714636915,-24.69,0.4862,0.3944,3,15
2025-08-28T12:23:18.970742,34,1804289383,-55.28,0.1324,0.7477,20,2
2025-08-28T12:23:18.970742,34,846930886,-63.79,0.7316,0.1991,17,12
2025-08-28T12:23:18.970742,34,1681692777,-86.85,0.0060,0.7073,15,24
2025-08-28T12:23:18.970742,34,1714636915,-76.84,0.0969,0.1616,5,19
2025-08-28T12:23:18.973431,61,1804289383,-38.03,0.7253,0.7175,7,6
2025-08-28T12:23:18.973431,61,846930886,-27.07,0.2141,0.8530,5,19
2025-08-28T12:23:18.973431,61,1681692777,-96.01,0.0617,0.0101,6,18
2025-08-28T12:23:18.973431,61,1714636915,-78.07,0.9714,0.6453,12,27
2025-08-28T12:23:18.974888,21,1804289383,-47.88,0.5168,0.6012,8,23
2025-08-28T12:23:18.974888,21,846930886,-68.39,0.8828,0.1405,3,3
2025-08-28T12:23:18.974888,21,1681692777,-106.17,0.2414,0.7749,22,12
2025-08-28T12:23:18.974888,21,1714636915,-29.20,0.3524,0.9944,1,13
2025-08-28T12:23:18.976068,45,1804289383,-78.42,0.6248,0.8270,20,18
2025-08-28T12:23:18.976068,45,846930886,-59.21,0.0611,0.9013,24,7
2025-08-28T12:23:18.976068,45,1681692777,-115.22,0.1247,0.9321,18,0
2025-08-28T12:23:18.976068,45,1714636915,-105.37,0.9306,0.9741,16,23
2025-08-28T12:23:18.977050,12,1804289383,-67.09,0.7630,0.4311,2,25
2025-08-28T12:23:18.977050,12,846930886,-80.19,0.5236,0.6495,13,25
2025-08-28T12:23:18.977050,12,1681692777,-116.49,0.0229,0.9376,4,12
2025-08-28T12:23:18.977050,12,1714636915,-85.61,0.0962,0.4061,14,14
2025-08-28T12:23:18.978193,76,1804289383,-89.78,0.3591,0.7805,20,22
2025-08-28T12:23:18.978193,76,846930886,-50.08,0.2763,0.1356,10,0
2025-08-28T12:23:18.978193,76,1681692777,-114.76,0.4622,0.0001,27,20
2025-08-28T12:23:18.978193,76,1714636915,-101.83,0.5760,0.8533,7,1
2025-08-28T12:23:18.979282,20,1804289383,-49.06,0.6242,0.5076,25,11
2025-08-28T12:23:18.979282,20,846930886,-116.92,0.1155,0.7041,7,12
2025-08-28T12:23:18.979282,20,1681692777,-72.51,0.3899,0.6286,4,23
2025-08-28T12:23:18.979282,20,1714636915,-116.10,0.7512,0.5147,15,17
2025-08-28T12:23:18.980440,51,1804289383,-49.51,0.3204,0.0905,14,17
2025-08-28T12:23:18.980440,51,846930886,-84.69,0.5582,0.2857,3,27
2025-08-28T12:23:18.980440,51,1681692777,-100.04,0.9774,0.5384,18,19
2025-08-28T12:23:18.980440,51,1714636915,-102.71,0.3151,0.0417,25,22
2025-08-28T12:23:18.981490,50,1804289383,-25.80,0.7919,0.6894,22,5
2025-08-28T12:23:18.981490,50,846930886,-43.91,0.4567,0.1707,11,10
2025-08-28T12:23:18.981490,50,1681692777,-82.33,0.0813,0.5853,0,7
2025-08-28T12:23:18.981490,50,1714636915,-59.51,0.9349,0.4710,0,0
2025-08-28T12:23:18.982509,83,1804289383,-28.01,0.5041,0.1608,0,4
2025-08-28T12:23:18.982509,83,846930886,-56.08,0.9616,0.8192,16,14
2025-08-28T12:23:18.982509,83,1681692777,-87.61,0.4311,0.8654,22,6
2025-08-28T12:23:18.982509,83,1714636915,-113.30,0.7806,0.7334,21,12
2025-08-28T12:23:18.983492,37,1804289383,-86.63,0.8607,0.7820,19,2
2025-08-28T12:23:18.983492,37,846930886,-51.74,0.8046,0.7173,10,1
2025-08-28T12:23:18.983492,37,1681692777,-98.05,0.1867,0.9267,8,24
2025-08-28T12:23:18.983492,37,1714636915,-115.82,0.1811,0.6520,23,19
2025-08-28T12:23:18.984454,1,1804289383,-116.44,0.2226,0.3579,1,4
2025-08-28T12:23:18.984454,1,846930886,-78.60,0.7691,0.5956,2,9
2025-08-28T12:23:18.984454,1,1681692777,-112.24,0.2746,0.9563,1,8
2025-08-28T12:23:18.984454,1,1714636915,-84.43,0.8823,0.1044,11,22
2025-08-28T12:23:18.985799,50,1804289383,-56.65,0.4275,0.3302,8,26
2025-08-28T12:23:18.985799,50,846930886,-33.94,0.7378,0.4563,22,2
2025-08-28T12:23:18.985799,50,1681692777,-82.59,0.4354,0.7652,9,27
2025-08-28T12:23:18.985799,50,1714636915,-46.86,0.4014,0.4322,6,4
2025-08-28T12:23:18.986881,94,1804289383,-82.47,0.5748,0.6234,27,14
2025-08-28T12:23:18.986881,94,846930886,-103.83,0.0274,0.0193,2,2
2025-08-28T12:23:18.986881,94,1681692777,-67.22,0.3843,0.4193,18,1
2025-08-28T12:23:18.986881,94,1714636915,-22.82,0.2969,0.5086,9,7
2025-08-28T12:23:18.988279,15,1804289383,-117.14,0.8821,0.4522,17,14
2025-08-28T12:23:18.988279,15,846930886,-97.97,0.5372,0.4118,15,22
2025-08-28T12:23:18.988279,15,1681692777,-90.83,0.6477,0.1199,4,23
2025-08-28T12:23:18.988279,15,1714636915,-100.71,0.0295,0.2047,23,17
2025-08-28T12:23:19.469986,72,1804289383,-115.88,0.9365,0.5775,7,14
2025-08-28T12:23:19.469986,72,846930886,-75.84,0.4733,0.2376,26,3
2025-08-28T12:23:19.469986,72,1681692777,-81.81,0.3237,0.8498,9,3
2025-08-28T12:23:19.469986,72,1714636915,-38.08,0.9192,0.1755,6,15
2025-08-28T12:23:19.471540,92,1804289383,-98.47,0.8288,0.1254,10,1
2025-08-28T12:23:19.471540,92,846930886,-87.38,0.4199,0.3541,27,15
2025-08-28T12:23:19.471540,92,1681692777,-117.64,0.2627,0.2008,11,19
2025-08-28T12:23:19.471540,92,1714636915,-57.87,0.4969,0.0065,15,10
2025-08-28T12:23:19.472723,75,1804289383,-49.13,0.7443,0.7418,19,26
2025-08-28T12:23:19.472723,75,846930886,-83.01,0.8842,0.1624,1,4
2025-08-28T12:23:19.472723,75,1681692777,-35.54,0.1987,0.8433,14,3
2025-08-28T12:23:19.472723,75,1714636915,-87.57,0.2645,0.7140,2,13
2025-08-28T12:23:19.473839,24,1804289383,-84.41,0.0887,0.7200,26,21
2025-08-28T12:23:19.473839,24,846930886,-108.86,0.3625,0.8897,0,21
2025-08-28T12:23:19.473839,24,1681692777,-65.65,0.8557,0.4641,0,3
2025-08-28T12:23:19.473839,24,1714636915,-70.50,0.4277,0.3614,13,18
2025-08-28T12:23:19.474819,65,1804289383,-114.64,0.9888,0.8354,3,0
2025-08-28T12:23:19.474819,65,846930886,-21.22,0.7676,0.3113,4,15
2025-08-28T12:23:19.474819,65,1681692777,-94.58,0.0764,0.1840,20,1
2025-08-28T12:23:19.474819,65,1714636915,-68.78,0.6166,0.2344,14,4
2025-08-28T12:23:19.476094,48,1804289383,-63.31,0.8031,0.6126,10,2
2025-08-28T12:23:19.476094,48,846930886,-101.42,0.9283,0.4231,20,20
2025-08-28T12:23:19.476094,48,1681692777,-102.96,0.1746,0.7544,2,16
2025-08-28T12:23:19.476094,48,1714636915,-35.79,0.9380,0.4729,8,0
2025-08-28T12:23:19.477205,60,1804289383,-93.67,0.5861,0.6253,17,26
2025-08-28T12:23:19.477205,60,846930886,-61.91,0.4977,0.4992,4,25
2025-08-28T12:23:19.477205,60,1681692777,-76.60,0.3840,0.1794,25,8
2025-08-28T12:23:19.477205,60,1714636915,-79.45,0.3623,0.7352,18,3
2025-08-28T12:23:19.478391,7,1804289383,-45.83,0.0357,0.0224,7,21
2025-08-28T12:23:19.478391,7,846930886,-83.75,0.2146,0.7321,26,3
2025-08-28T12:23:19.478391,7,1681692777,-28.61,0.9486,0.2110,4,20
2025-08-28T12:23:19.478391,7,1714636915,-116.61,0.4116,0.4348,20,20
2025-08-28T12:23:19.479624,36,1804289383,-47.00,0.1579,0.7360,18,3
2025-08-28T12:23:19.479624,36,846930886,-82.05,0.4652,0.7831,0,8
2025-08-28T12:23:19.479624,36,1681692777,-109.51,0.4152,0.3396,2,6
2025-08-28T12:23:19.479624,36,1714636915,-53.75,0.3195,0.0373,0,11
2025-08-28T12:23:19.480970,88,1804289383,-65.33,0.1163,0.6017,26,0
2025-08-28T12:23:19.480970,88,846930886,-20.83,0.9815,0.6032,10,19
2025-08-28T12:23:19.480970,88,1681692777,-44.89,0.1496,0.0195,6,2
2025-08-28T12:23:19.480970,88,1714636915,-70.28,0.2163,0.3102,5,12
2025-08-28T12:23:19.482008,83,1804289383,-98.24,0.8730,0.7784,24,4
2025-08-28T12:23:19.482008,83,846930886,-119.68,0.2549,0.8355,13,8
2025-08-28T12:23:19.482008,83,1681692777,-20.66,0.1195,0.5446,21,26
2025-08-28T12:23:19.482008,83,1714636915,-65.04,0.9749,0.2920,15,11
2025-08-28T12:23:19.483163,78,1804289383,-97.36,0.2779,0.0642,17,9
2025-08-28T12:23:19.483163,78,846930886,-38.61,0.5366,0.8928,9,4
2025-08-28T12:23:19.483163,78,1681692777,-117.72,0.6869,0.9883,0,14
2025-08-28T12:23:19.483163,78,1714636915,-111.06,0.2778,0.6955,9,21
2025-08-28T12:23:19.484152,55,1804289383,-30.23,0.7651,0.1355,16,13
2025-08-28T12:23:19.484152,55,846930886,-83.12,0.1898,0.8726,7,22
2025-08-28T12:23:19.484152,55,1681692777,-40.18,0.6467,0.5671,17,20
2025-08-28T12:23:19.484152,55,1714636915,-53.87,0.3347,0.9350,8,18
2025-08-28T12:23:19.485146,52,1804289383,-99.18,0.5330,0.7630,5,23
2025-08-28T12:23:19.485146,52,846930886,-93.87,0.9037,0.7086,26,6
2025-08-28T12:23:19.485146,52,1681692777,-38.47,0.0264,0.1814,11,20
2025-08-28T12:23:19.485146,52,1714636915,-53.93,0.0051,0.2220,25,9
2025-08-28T12:23:19.486112,95,1804289383,-85.04,0.0750,0.5920,13,22
2025-08-28T12:23:19.486112,95,846930886,-72.85,0.2846,0.5838,27,22
2025-08-28T12:23:19.486112,95,1681692777,-105.97,0.0045,0.7877,22,23
2025-08-28T12:23:19.486112,95,1714636915,-111.03,0.0440,0.3324,27,4
2025-08-28T12:23:19.487138,53,1804289383,-73.45,0.2713,0.0652,26,15
2025-08-28T12:23:19.487138,53,846930886,-62.18,0.6876,0.2238,26,24
2025-08-28T12:23:19.487138,53,1681692777,-31.92,0.6532,0.0735,1,12
2025-08-28T12:23:19.487138,53,1714636915,-72.83,0.1653,0.1595,15,7
2025-08-28T12:23:19.969813,99,1804289383,-110.02,0.9778,0.2319,21,5
2025-08-28T12:23:19.969813,99,846930886,-83.42,0.4322,0.8959,11,23
2025-08-28T12:23:19.969813,99,1681692777,-72.24,0.6371,0.7473,21,24
2025-08-28T12:23:19.969813,99,1714636915,-80.43,0.1652,0.4240,0,20
2025-08-28T12:23:19.973160,2,1804289383,-57.53,0.7200,0.8360,18,10
2025-08-28T12:23:19.973160,2,846930886,-100.86,0.7842,0.1919,18,16
2025-08-28T12:23:19.973160,2,1681692777,-43.21,0.1691,0.1077,17,11
2025-08-28T12:23:19.973160,2,1714636915,-45.06,0.2001,0.8712,12,1
2025-08-28T12:23:19.975319,62,1804289383,-61.32,0.6294,0.3609,13,1
2025-08-28T12:23:19.975319,62,846930886,-102.74,0.0108,0.8427,4,14
2025-08-28T12:23:19.975319,62,1681692777,-68.36,0.8927,0.8020,22,9
2025-08-28T12:23:19.975319,62,1714636915,-20.53,0.3006,0.8048,5,22
2025-08-28T12:23:19.976511,0,1804289383,-106.08,0.2841,0.2407,22,17
2025-08-28T12:23:19.976511,0,846930886,-87.71,0.0104,0.4172,6,6
2025-08-28T12:23:19.976511,0,1681692777,-80.96,0.9524,0.2546,16,18
2025-08-28T12:23:19.976511,0,1714636915,-24.67,0.4012,0.2421,24,4
2025-08-28T12:23:19.977571,61,1804289383,-74.11,0.1693,0.6501,16,15
2025-08-28T12:23:19.977571,61,846930886,-107.29,0.2637,0.9673,15,3
2025-08-28T12:23:19.977571,61,1681692777,-92.96,0.4111,0.9772,21,4
2025-08-28T12:23:19.977571,61,1714636915,-45.91,0.2808,0.4960,12,7
2025-08-28T12:23:19.978614,68,1804289383,-110.75,0.4292,0.6901,4,21
2025-08-28T12:23:19.978614,68,846930886,-74.14,0.3346,0.1631,3,13
2025-08-28T12:23:19.978614,68,1681692777,-73.21,0.6279,0.1184,24,26
2025-08-28T12:23:19.978614,68,1714636915,-100.38,0.7316,0.5678,20,18
2025-08-28T12:23:19.979743,90,1804289383,-51.38,0.4453,0.9694,12,14
2025-08-28T12:23:19.979743,90,846930886,-77.52,0.1822,0.6041,18,19
2025-08-28T12:23:19.979743,90,1681692777,-81.02,0.8540,0.1721,16,26
2025-08-28T12:23:19.979743,90,1714636915,-47.79,0.7244,0.2270,27,22
2025-08-28T12:23:19.981123,34,1804289383,-24.95,0.3112,0.7039,25,26
2025-08-28T12:23:19.981123,34,846930886,-29.64,0.5183,0.5764,21,1
2025-08-28T12:23:19.981123,34,1681692777,-33.01,0.3489,0.1868,5,27
2025-08-28T12:23:19.981123,34,1714636915,-33.81,0.0522,0.8161,26,22
2025-08-28T12:23:19.982197,70,1804289383,-42.02,0.7062,0.5032,1,3
2025-08-28T12:23:19.982197,70,846930886,-77.97,0.0068,0.6917,14,8
2025-08-28T12:23:19.982197,70,1681692777,-20.78,0.7314,0.9467,11,18
2025-08-28T12:23:19.982197,70,1714636915,-91.41,0.5105,0.6881,25,12
2025-08-28T12:23:19.983159,64,1804289383,-35.32,0.9147,0.7419,21,17
2025-08-28T12:23:19.983159,64,846930886,-87.19,0.6629,0.2136,5,15
2025-08-28T12:23:19.983159,64,1681692777,-49.07,0.0343,0.2794,27,27
2025-08-28T12:23:19.983159,64,1714636915,-27.28,0.7161,0.6955,5,8
2025-08-28T12:23:19.984184,68,1804289383,-42.97,0.9056,0.7294,27,9
2025-08-28T12:23:19.984184,68,846930886,-23.22,0.4585,0.5738,17,5
2025-08-28T12:23:19.984184,68,1681692777,-114.47,0.8825,0.0722,6,27
2025-08-28T12:23:19.984184,68,1714636915,-100.56,0.7181,0.4478,23,9
2025-08-28T12:23:19.985248,51,1804289383,-96.75,0.7738,0.0867,2,10
2025-08-28T12:23:19.985248,51,846930886,-43.84,0.9280,0.2080,17,3
2025-08-28T12:23:19.985248,51,1681692777,-56.30,0.6673,0.3947,9,4
2025-08-28T12:23:19.985248,51,1714636915,-59.76,0.0955,0.5289,7,17
2025-08-28T12:23:19.986278,51,1804289383,-48.09,0.4982,0.7927,1,4
2025-08-28T12:23:19.986278,51,846930886,-119.48,0.1670,0.5588,16,10
2025-08-28T12:23:19.986278,51,1681692777,-118.01,0.7790,0.6311,17,2
2025-08-28T12:23:19.986278,51,1714636915,-100.45,0.9480,0.2679,17,20
2025-08-28T12:23:19.987297,99,1804289383,-38.21,0.0079,0.7716,1,23
2025-08-28T12:23:19.987297,99,846930886,-90.70,0.3468,0.2449,15,15
2025-08-28T12:23:19.987297,99,1681692777,-75.11,0.7912,0.8769,18,16
2025-08-28T12:23:19.987297,99,1714636915,-80.70,0.6159,0.7144,21,25
2025-08-28T12:23:19.988820,20,1804289383,-96.82,0.7913,0.5218,15,16
2025-08-28T12:23:19.988820,20,846930886,-111.70,0.4997,0.4206,2,10
2025-08-28T12:23:19.988820,20,1681692777,-109.87,0.0909,0.4058,15,27
2025-08-28T12:23:19.988820,20,1714636915,-63.40,0.4481,0.9783,11,22
2025-08-28T12:23:19.989972,7,1804289383,-68.72,0.4093,0.1570,12,12
2025-08-28T12:23:19.989972,7,846930886,-26.68,0.2272,0.1900,6,11
2025-08-28T12:23:19.989972,7,1681692777,-60.62,0.7245,0.2508,5,22
2025-08-28T12:23:19.989972,7,1714636915,-39.65,0.0935,0.3703,12,1
2025-08-28T12:23:20.470279,22,1804289383,-57.23,0.1336,0.7549,16,21
2025-08-28T12:23:20.470279,22,846930886,-46.45,0.6060,0.9725,10,18
2025-08-28T12:23:20.470279,22,1681692777,-35.76,0.1448,0.4711,25,25
2025-08-28T12:23:20.470279,22,1714636915,-102.27,0.0696,0.1318,11,17
2025-08-28T12:23:20.472310,48,1804289383,-34.85,0.0494,0.0877,23,27
2025-08-28T12:23:20.472310,48,846930886,-29.10,0.2218,0.5734,27,0
2025-08-28T12:23:20.472310,48,1681692777,-110.46,0.0426,0.6305,0,16
2025-08-28T12:23:20.472310,48,1714636915,-63.10,0.7014,0.4216,6,4
2025-08-28T12:23:20.473481,40,1804289383,-54.44,0.4866,0.5937,5,5
2025-08-28T12:23:20.473481,40,846930886,-73.81,0.7875,0.9080,5,8
2025-08-28T12:23:20.473481,40,1681692777,-53.86,0.5113,0.3690,8,21
2025-08-28T12:23:20.473481,40,1714636915,-74.09,0.8833,0.8545,22,11
2025-08-28T12:23:20.474830,32,1804289383,-24.92,0.3892,0.4177,2,15
2025-08-28T12:23:20.474830,32,846930886,-106.54,0.3725,0.7918,15,9
2025-08-28T12:23:20.474830,32,1681692777,-103.88,0.6212,0.7175,18,5
2025-08-28T12:23:20.474830,32,1714636915,-35.73,0.9486,0.2600,12,13
2025-08-28T12:23:20.476142,30,1804289383,-56.48,0.5989,0.7313,11,23
2025-08-28T12:23:20.476142,30,846930886,-82.67,0.4897,0.6082,22,12
2025-08-28T12:23:20.476142,30,1681692777,-113.93,0.7626,0.2296,6,13
2025-08-28T12:23:20.476142,30,1714636915,-71.67,0.4332,0.7771,11,18
2025-08-28T12:23:20.477654,26,1804289383,-74.34,0.2745,0.4438,17,17
2025-08-28T12:23:20.477654,26,846930886,-57.77,0.7166,0.4980,16,26
2025-08-28T12:23:20.477654,26,1681692777,-71.28,0.2212,0.5178,4,7
2025-08-28T12:23:20.477654,26,1714636915,-69.43,0.9770,0.9784,27,0
2025-08-28T12:23:20.478796,61,1804289383,-94.64,0.0186,0.1490,22,21
2025-08-28T12:23:20.478796,61,846930886,-106.08,0.0306,0.8507,14,20
2025-08-28T12:23:20.478796,61,1681692777,-78.82,0.4137,0.7570,1,25
2025-08-28T12:23:20.478796,61,1714636915,-42.83,0.1284,0.5671,17,19
2025-08-28T12:23:20.480447,88,1804289383,-83.69,0.4327,0.9064,8,7
2025-08-28T12:23:20.480447,88,846930886,-52.77,0.3415,0.0707,24,24
2025-08-28T12:23:20.480447,88,1681692777,-60.75,0.6909,0.5787,5,27
2025-08-28T12:23:20.480447,88,1714636915,-89.99,0.6232,0.9090,20,10
2025-08-28T12:23:20.481890,19,1804289383,-41.72,0.6934,0.2761,25,8
2025-08-28T12:23:20.481890,19,846930886,-88.07,0.3499,0.6145,2,13
2025-08-28T12:23:20.481890,19,1681692777,-22.95,0.7520,0.6754,2,6
2025-08-28T12:23:20.481890,19,1714636915,-96.90,0.3120,0.3878,25,27
2025-08-28T12:23:20.483197,7,1804289383,-21.97,0.3204,0.3193,3,27
2025-08-28T12:23:20.483197,7,846930886,-32.11,0.8892,0.7814,26,20
2025-08-28T12:23:20.483197,7,1681692777,-92.19,0.5723,0.0295,25,25
2025-08-28T12:23:20.483197,7,1714636915,-44.67,0.6280,0.0296,20,3
2025-08-28T12:23:20.484276,74,1804289383,-37.77,0.0723,0.6076,26,9
2025-08-28T12:23:20.484276,74,846930886,-53.87,0.2101,0.8621,16,27
2025-08-28T12:23:20.484276,74,1681692777,-43.57,0.9817,0.2562,9,5
2025-08-28T12:23:20.484276,74,1714636915,-112.25,0.6535,0.2445,23,5
2025-08-28T12:23:20.485583,89,1804289383,-113.51,0.4365,0.0179,10,18
2025-08-28T12:23:20.485583,89,846930886,-115.72,0.0945,0.6237,10,13
2025-08-28T12:23:20.485583,89,1681692777,-24.86,0.1152,0.3391,11,23
2025-08-28T12:23:20.485583,89,1714636915,-28.01,0.1615,0.6083,17,14
2025-08-28T12:23:20.486823,46,1804289383,-83.53,0.3545,0.1567,15,9
2025-08-28T12:23:20.486823,46,846930886,-98.28,0.6092,0.6306,14,0
2025-08-28T12:23:20.486823,46,1681692777,-85.48,0.6537,0.3669,24,0
2025-08-28T12:23:20.486823,46,1714636915,-114.44,0.4397,0.1479,18,22
2025-08-28T12:23:20.488131,97,1804289383,-28.30,0.5103,0.2282,15,11
2025-08-28T12:23:20.488131,97,846930886,-71.19,0.5253,0.6888,19,16
2025-08-28T12:23:20.488131,97,1681692777,-24.49,0.8425,0.0744,10,8
2025-08-28T12:23:20.488131,97,1714636915,-109.81,0.5644,0.0263,23,2
2025-08-28T12:23:20.489346,12,1804289383,-92.03,0.2803,0.6518,5,27
2025-08-28T12:23:20.489346,12,846930886,-93.73,0.4276,0.3486,21,7
2025-08-28T12:23:20.489346,12,1681692777,-76.36,0.7730,0.9327,8,11
2025-08-28T12:23:20.489346,12,1714636915,-38.96,0.9617,0.2307,19,21
2025-08-28T12:23:20.490527,71,1804289383,-115.14,0.9538,0.7762,10,27
2025-08-28T12:23:20.490527,71,846930886,-94.61,0.0749,0.9403,6,12
2025-08-28T12:23:20.490527,71,1681692777,-22.44,0.5342,0.0334,17,9
2025-08-28T12:23:20.490527,71,1714636915,-81.24,0.4032,0.1760,19,8
2025-08-28T12:23:20.971247,11,1804289383,-49.75,0.0403,0.1318,2,1
2025-08-28T12:23:20.971247,11,846930886,-22.71,0.9332,0.1731,11,5
2025-08-28T12:23:20.971247,11,1681692777,-32.53,0.9267,0.5305,16,27
2025-08-28T12:23:20.971247,11,1714636915,-107.50,0.9496,0.7056,1,15
2025-08-28T12:23:20.974494,1,1804289383,-71.35,0.3645,0.3771,21,15
2025-08-28T12:23:20.974494,1,846930886,-31.22,0.6625,0.8770,24,24
2025-08-28T12:23:20.974494,1,1681692777,-45.98,0.9281,0.4896,12,0
2025-08-28T12:23:20.974494,1,1714636915,-64.40,0.6734,0.4638,10,0
2025-08-28T12:23:20.976179,29,1804289383,-95.21,0.9581,0.1645,22,14
2025-08-28T12:23:20.976179,29,846930886,-75.48,0.9535,0.9541,2,26
2025-08-28T12:23:20.976179,29,1681692777,-110.02,0.8097,0.7320,4,3
2025-08-28T12:23:20.976179,29,1714636915,-80.00,0.7623,0.1760,27,4
2025-08-28T12:23:20.977653,47,1804289383,-58.12,0.6097,0.9539,9,1
2025-08-28T12:23:20.977653,47,846930886,-114.51,0.0825,0.7487,10,9
2025-08-28T12:23:20.977653,47,1681692777,-72.06,0.0130,0.5368,13,15
2025-08-28T12:23:20.977653,47,1714636915,-110.39,0.4329,0.7963,9,20
2025-08-28T12:23:20.978888,65,1804289383,-99.52,0.5198,0.5094,12,9
2025-08-28T12:23:20.978888,65,846930886,-80.83,0.3808,0.4320,14,10
2025-08-28T12:23:20.978888,65,1681692777,-82.12,0.0014,0.5484,27,13
2025-08-28T12:23:20.978888,65,1714636915,-96.95,0.4614,0.9429,1,6
2025-08-28T12:23:20.980247,7,1804289383,-111.43,0.3705,0.6538,13,17
2025-08-28T12:23:20.980247,7,846930886,-32.56,0.8820,0.1175,12,25
2025-08-28T12:23:20.980247,7,1681692777,-97.20,0.3942,0.8009,20,12
2025-08-28T12:23:20.980247,7,1714636915,-73.57,0.6088,0.8582,6,20
2025-08-28T12:23:20.981326,40,1804289383,-54.01,0.7516,0.9971,20,5
2025-08-28T12:23:20.981326,40,846930886,-90.79,0.6029,0.1578,11,14
2025-08-28T12:23:20.981326,40,1681692777,-71.29,0.6626,0.4311,19,11
2025-08-28T12:23:20.981326,40,1714636915,-80.79,0.3691,0.8015,16,16
2025-08-28T12:23:20.982394,45,1804289383,-98.75,0.4615,0.0527,3,8
2025-08-28T12:23:20.982394,45,846930886,-33.53,0.0707,0.9984,8,17
2025-08-28T12:23:20.982394,45,1681692777,-107.59,0.6164,0.6861,9,12
2025-08-28T12:23:20.982394,45,1714636915,-76.32,0.7269,0.7014,10,20
2025-08-28T12:23:20.983501,83,1804289383,-41.66,0.9353,0.5899,0,8
2025-08-28T12:23:20.983501,83,846930886,-58.04,0.5849,0.8452,15,7
2025-08-28T12:23:20.983501,83,1681692777,-35.60,0.0812,0.4622,16,6
2025-08-28T12:23:20.983501,83,1714636915,-21.16,0.9147,0.6136,21,24
2025-08-28T12:23:20.984534,42,1804289383,-105.17,0.2899,0.2018,12,21
2025-08-28T12:23:20.984534,42,846930886,-76.70,0.8497,0.8713,18,7
2025-08-28T12:23:20.984534,42,1681692777,-44.60,0.3683,0.5424,4,27
2025-08-28T12:23:20.984534,42,1714636915,-107.90,0.3389,0.6665,16,1
2025-08-28T12:23:20.985629,55,1804289383,-38.26,0.2106,0.1419,21,11
2025-08-28T12:23:20.985629,55,846930886,-53.96,0.4310,0.3226,24,8
2025-08-28T12:23:20.985629,55,1681692777,-112.44,0.9503,0.7105,1,7
2025-08-28T12:23:20.985629,55,1714636915,-112.78,0.9254,0.2560,23,19
2025-08-28T12:23:20.986676,57,1804289383,-93.82,0.4203,0.9807,12,8
2025-08-28T12:23:20.986676,57,846930886,-113.20,0.9282,0.0427,22,21
2025-08-28T12:23:20.986676,57,1681692777,-113.77,0.2786,0.3681,17,4
2025-08-28T12:23:20.986676,57,1714636915,-111.48,0.4933,0.9355,6,8
2025-08-28T12:23:20.987854,14,1804289383,-77.98,0.7126,0.9384,0,8
2025-08-28T12:23:20.987854,14,846930886,-45.83,0.6763,0.4241,3,18
2025-08-28T12:23:20.987854,14,1681692777,-107.36,0.1620,0.8837,9,1
2025-08-28T12:23:20.987854,14,1714636915,-92.87,0.0546,0.1264,16,19
2025-08-28T12:23:20.988968,25,1804289383,-103.72,0.6489,0.4335,26,14
2025-08-28T12:23:20.988968,25,846930886,-27.11,0.0983,0.1589,14,2
2025-08-28T12:23:20.988968,25,1681692777,-58.54,0.6416,0.8995,12,22
2025-08-28T12:23:20.988968,25,1714636915,-69.50,0.2909,0.4175,24,5
2025-08-28T12:23:20.990004,29,1804289383,-44.93,0.0775,0.4085,19,0
2025-08-28T12:23:20.990004,29,846930886,-45.60,0.8770,0.5521,17,18
2025-08-28T12:23:20.990004,29,1681692777,-93.52,0.3929,0.6817,8,3
2025-08-28T12:23:20.990004,29,1714636915,-66.25,0.3631,0.6255,1,2
2025-08-28T12:23:20.991381,81,1804289383,-102.75,0.2237,0.4345,8,8
2025-08-28T12:23:20.991381,81,846930886,-28.08,0.5901,0.4921,9,4
2025-08-28T12:23:20.991381,81,1681692777,-29.03,0.9967,0.2807,25,0
2025-08-28T12:23:20.991381,81,1714636915,-71.21,0.7867,0.8295,19,16
2025-08-28T12:23:20.992555,96,1804289383,-85.26,0.7167,0.1963,12,0
2025-08-28T12:23:20.992555,96,846930886,-31.64,0.9729,0.8628,18,8
2025-08-28T12:23:20.992555,96,1681692777,-98.55,0.1073,0.2273,20,10
2025-08-28T12:23:20.992555,96,1714636915,-32.81,0.8046,0.5864,6,11
2025-08-28T12:23:21.471642,6,1804289383,-105.39,0.9575,0.6553,18,18
2025-08-28T12:23:21.471642,6,846930886,-72.30,0.9757,0.1893,12,0
2025-08-28T12:23:21.471642,6,1681692777,-78.25,0.1937,0.1035,3,22
2025-08-28T12:23:21.471642,6,1714636915,-65.35,0.3904,0.3818,23,15
2025-08-28T12:23:21.473607,73,1804289383,-45.19,0.4106,0.6383,20,20
2025-08-28T12:23:21.473607,73,846930886,-108.04,0.3346,0.2353,14,20
2025-08-28T12:23:21.473607,73,1681692777,-94.99,0.0771,0.7354,18,3
2025-08-28T12:23:21.473607,73,1714636915,-54.57,0.2257,0.9677,26,6
2025-08-28T12:23:21.475393,88,1804289383,-83.30,0.2364,0.4552,15,4
2025-08-28T12:23:21.475393,88,846930886,-117.11,0.7489,0.4457,24,27
2025-08-28T12:23:21.475393,88,1681692777,-35.23,0.4395,0.8109,1,24
2025-08-28T12:23:21.475393,88,1714636915,-82.67,0.1823,0.0381,16,8
2025-08-28T12:23:21.476501,65,1804289383,-97.12,0.9978,0.3920,5,16
2025-08-28T12:23:21.476501,65,846930886,-44.94,0.1964,0.8295,21,6
2025-08-28T12:23:21.476501,65,1681692777,-115.55,0.9870,0.6894,6,20
2025-08-28T12:23:21.476501,65,1714636915,-63.61,0.7934,0.3320,2,24
2025-08-28T12:23:21.477730,19,1804289383,-39.39,0.7769,0.2792,14,10
2025-08-28T12:23:21.477730,19,846930886,-47.62,0.8442,0.4039,22,26
2025-08-28T12:23:21.477730,19,1681692777,-111.71,0.7216,0.3782,6,8
2025-08-28T12:23:21.477730,19,1714636915,-45.35,0.2794,0.7262,27,26
2025-08-28T12:23:21.478831,89,1804289383,-58.02,0.2029,0.4481,8,25
2025-08-28T12:23:21.478831,89,846930886,-99.25,0.9518,0.3017,20,21
2025-08-28T12:23:21.478831,89,1681692777,-108.88,0.9844,0.6624,16,22
2025-08-28T12:23:21.478831,89,1714636915,-35.23,0.9554,0.4188,23,19
2025-08-28T12:23:21.480126,13,1804289383,-73.41,0.3196,0.3560,19,16
2025-08-28T12:23:21.480126,13,846930886,-105.11,0.1921,0.0620,14,7
2025-08-28T12:23:21.480126,13,1681692777,-78.47,0.3518,0.0439,8,2
2025-08-28T12:23:21.480126,13,1714636915,-70.72,0.3671,0.3914,24,26
2025-08-28T12:23:21.481204,76,1804289383,-70.78,0.4128,0.8077,2,3
2025-08-28T12:23:21.481204,76,846930886,-49.55,0.9110,0.3843,16,11
2025-08-28T12:23:21.481204,76,1681692777,-78.05,0.0242,0.5401,14,27
2025-08-28T12:23:21.481204,76,1714636915,-87.57,0.6116,0.4017,4,15
2025-08-28T12:23:21.482300,44,1804289383,-43.42,0.2512,0.6126,11,26
2025-08-28T12:23:21.482300,44,846930886,-47.00,0.1573,0.0294,11,24
2025-08-28T12:23:21.482300,44,1681692777,-20.11,0.1428,0.6615,0,13
2025-08-28T12:23:21.482300,44,1714636915,-107.10,0.9099,0.0638,25,14
2025-08-28T12:23:21.483687,61,1804289383,-70.71,0.6340,0.4369,24,22
2025-08-28T12:23:21.483687,61,846930886,-94.42,0.8947,0.1338,12,23
2025-08-28T12:23:21.483687,61,1681692777,-62.43,0.5070,0.7046,2,16
2025-08-28T12:23:21.483687,61,1714636915,-78.57,0.7330,0.0730,11,7
2025-08-28T12:23:21.484792,84,1804289383,-96.35,0.2483,0.5785,6,0
2025-08-28T12:23:21.484792,84,846930886,-61.76,0.3003,0.8018,21,16
2025-08-28T12:23:21.484792,84,1681692777,-75.21,0.2164,0.7545,14,20
2025-08-28T12:23:21.484792,84,1714636915,-114.11,0.3426,0.1597,25,16
2025-08-28T12:23:21.485907,22,1804289383,-59.05,0.1391,0.5453,4,3
2025-08-28T12:23:21.485907,22,846930886,-33.49,0.6825,0.2377,14,27
2025-08-28T12:23:21.485907,22,1681692777,-116.87,0.1133,0.8408,26,17
2025-08-28T12:23:21.485907,22,1714636915,-28.84,0.3316,0.5879,0,24
2025-08-28T12:23:21.486943,37,1804289383,-32.86,0.2266,0.7941,23,10
2025-08-28T12:23:21.486943,37,846930886,-42.50,0.4593,0.4675,9,27
2025-08-28T12:23:21.486943,37,1681692777,-45.04,0.1788,0.9931,17,18
2025-08-28T12:23:21.486943,37,1714636915,-110.56,0.0632,0.6513,0,15
2025-08-28T12:23:21.488020,66,1804289383,-104.60,0.4038,0.9908,13,11
2025-08-28T12:23:21.488020,66,846930886,-43.21,0.3136,0.2657,13,26
2025-08-28T12:23:21.488020,66,1681692777,-75.89,0.9070,0.8285,13,4
2025-08-28T12:23:21.488020,66,1714636915,-22.81,0.1236,0.9680,16,19
2025-08-28T12:23:21.489220,83,1804289383,-46.81,0.1749,0.9239,4,24
2025-08-28T12:23:21.489220,83,846930886,-76.66,0.6999,0.2537,27,2
2025-08-28T12:23:21.489220,83,1681692777,-98.97,0.6601,0.2568,26,13
2025-08-28T12:23:21.489220,83,1714636915,-104.26,0.6696,0.6834,18,4
2025-08-28T12:23:21.490328,2,1804289383,-47.82,0.6650,0.0286,15,21
2025-08-28T12:23:21.490328,2,846930886,-76.18,0.3731,0.0859,6,0
2025-08-28T12:23:21.490328,2,1681692777,-38.07,0.6132,0.7798,26,24
2025-08-28T12:23:21.490328,2,1714636915,-93.92,0.5192,0.1487,12,20
2025-08-28T12:23:21.491409,12,1804289383,-106.32,0.2387,0.6980,12,20
2025-08-28T12:23:21.491409,12,846930886,-116.05,0.8202,0.7786,2,16
2025-08-28T12:23:21.491409,12,1681692777,-36.34,0.7044,0.1278,18,2
2025-08-28T12:23:21.491409,12,1714636915,-54.21,0.2097,0.7818,11,0
2025-08-28T12:23:21.972036,55,1804289383,-103.40,0.8454,0.6884,20,13
2025-08-28T12:23:21.972036,55,846930886,-101.05,0.3147,0.9335,22,9
2025-08-28T12:23:21.972036,55,1681692777,-20.89,0.4282,0.5002,5,27
2025-08-28T12:23:21.972036,55,1714636915,-29.27,0.8113,0.8280,2,14
2025-08-28T12:23:21.973727,14,1804289383,-89.24,0.0383,0.7795,25,9
2025-08-28T12:23:21.973727,14,846930886,-114.52,0.0893,0.9158,12,6
2025-08-28T12:23:21.973727,14,1681692777,-84.71,0.9001,0.6469,21,26
2025-08-28T12:23:21.973727,14,1714636915,-115.61,0.6676,0.5064,26,11
2025-08-28T12:23:21.975253,19,1804289383,-67.85,0.9701,0.3519,16,10
2025-08-28T12:23:21.975253,19,846930886,-112.63,0.3495,0.7452,13,2
2025-08-28T12:23:21.975253,19,1681692777,-53.55,0.1120,0.0719,17,6
2025-08-28T12:23:21.975253,19,1714636915,-108.42,0.7538,0.2858,9,27
2025-08-28T12:23:21.976515,39,1804289383,-61.11,0.3592,0.8256,17,21
2025-08-28T12:23:21.976515,39,846930886,-23.69,0.0953,0.2576,18,9
2025-08-28T12:23:21.976515,39,1681692777,-94.88,0.9332,0.8079,9,26
2025-08-28T12:23:21.976515,39,1714636915,-115.52,0.6007,0.5164,27,17
2025-08-28T12:23:21.977530,59,1804289383,-67.32,0.9650,0.5378,2,0
2025-08-28T12:23:21.977530,59,846930886,-119.60,0.8126,0.1419,21,23
2025-08-28T12:23:21.977530,59,1681692777,-45.33,0.3632,0.1109,17,16
2025-08-28T12:23:21.977530,59,1714636915,-63.29,0.8420,0.8345,8,20
2025-08-28T12:23:21.978720,16,1804289383,-92.85,0.1059,0.8154,18,17
2025-08-28T12:23:21.978720,16,846930886,-89.08,0.7878,0.1217,22,25
2025-08-28T12:23:21.978720,16,1681692777,-39.47,0.2742,0.1990,26,9
2025-08-28T12:23:21.978720,16,1714636915,-70.54,0.6178,0.4422,1,6
2025-08-28T12:23:21.979811,17,1804289383,-76.53,0.0139,0.3469,25,7
2025-08-28T12:23:21.979811,17,846930886,-71.31,0.2691,0.1851,8,15
2025-08-28T12:23:21.979811,17,1681692777,-24.31,0.5928,0.6487,14,12
2025-08-28T12:23:21.979811,17,1714636915,-82.59,0.7447,0.7915,4,21
2025-08-28T12:23:21.981112,74,1804289383,-25.14,0.6048,0.8753,7,27
2025-08-28T12:23:21.981112,74,846930886,-80.38,0.3909,0.5901,6,26
2025-08-28T12:23:21.981112,74,1681692777,-31.74,0.4101,0.3379,2,15
2025-08-28T12:23:21.981112,74,1714636915,-118.63,0.1517,0.2132,12,19
2025-08-28T12:23:21.982160,1,1804289383,-92.37,0.6338,0.8555,19,7
2025-08-28T12:23:21.982160,1,846930886,-119.39,0.0678,0.0727,26,23
2025-08-28T12:23:21.982160,1,1681692777,-53.04,0.6110,0.0131,16,17
2025-08-28T12:23:21.982160,1,1714636915,-29.76,0.0605,0.2965,16,9
2025-08-28T12:23:21.983201,76,1804289383,-85.94,0.3894,0.6270,11,1
2025-08-28T12:23:21.983201,76,846930886,-43.62,0.5538,0.9298,17,21
2025-08-28T12:23:21.983201,76,1681692777,-38.74,0.3976,0.3080,19,4
2025-08-28T12:23:21.983201,76,1714636915,-28.56,0.8803,0.1689,16,1
2025-08-28T12:23:21.984204,6,1804289383,-26.40,0.4071,0.2559,11,22
2025-08-28T12:23:21.984204,6,846930886,-104.56,0.1049,0.2297,13,16
2025-08-28T12:23:21.984204,6,1681692777,-21.32,0.1856,0.5542,10,3
2025-08-28T12:23:21.984204,6,1714636915,-35.42,0.5150,0.1627,21,18
2025-08-28T12:23:21.985192,15,1804289383,-96.83,0.0312,0.5595,22,23
2025-08-28T12:23:21.985192,15,846930886,-52.84,0.5282,0.4398,24,16
2025-08-28T12:23:21.985192,15,1681692777,-110.72,0.0610,0.8996,3,6
2025-08-28T12:23:21.985192,15,1714636915,-75.78,0.6466,0.9070,25,18
2025-08-28T12:23:21.986243,11,1804289383,-31.60,0.6873,0.0078,17,8
2025-08-28T12:23:21.986243,11,846930886,-44.65,0.7910,0.8079,21,20
2025-08-28T12:23:21.986243,11,1681692777,-61.63,0.1605,0.4902,23,19
2025-08-28T12:23:21.986243,11,1714636915,-41.92,0.6885,0.7056,8,18
2025-08-28T12:23:21.987204,71,1804289383,-51.07,0.2375,0.4474,19,7
2025-08-28T12:23:21.987204,71,846930886,-44.99,0.8521,0.2576,15,7
2025-08-28T12:23:21.987204,71,1681692777,-115.16,0.4374,0.7748,12,20
2025-08-28T12:23:21.987204,71,1714636915,-101.73,0.8394,0.6109,8,4
2025-08-28T12:23:21.988409,61,1804289383,-38.09,0.5640,0.8422,8,26
2025-08-28T12:23:21.988409,61,846930886,-98.60,0.5247,0.9712,9,9
2025-08-28T12:23:21.988409,61,1681692777,-57.31,0.4515,0.4326,25,23
2025-08-28T12:23:21.988409,61,1714636915,-105.48,0.4790,0.1208,0,6
2025-08-28T12:23:21.989460,51,1804289383,-81.44,0.0208,0.3336,5,6
2025-08-28T12:23:21.989460,51,846930886,-95.33,0.9965,0.6328,0,9
2025-08-28T12:23:21.989460,51,1681692777,-40.49,0.8107,0.0974,11,13
2025-08-28T12:23:21.989460,51,1714636915,-35.78,0.3198,0.9723,6,13
2025-08-28T12:23:21.990493,98,1804289383,-104.31,0.7377,0.5368,17,14
2025-08-28T12:23:21.990493,98,846930886,-93.83,0.2777,0.2779,9,24
2025-08-28T12:23:21.990493,98,1681692777,-95.39,0.2826,0.8965,4,18
2025-08-28T12:23:21.990493,98,1714636915,-88.39,0.2426,0.3654,15,24
2025-08-28T12:23:22.472691,50,1804289383,-107.21,0.5951,0.1366,27,3
2025-08-28T12:23:22.472691,50,846930886,-43.85,0.1001,0.0655,19,8
2025-08-28T12:23:22.472691,50,1681692777,-68.39,0.4992,0.5467,21,7
2025-08-28T12:23:22.472691,50,1714636915,-37.58,0.7938,0.9099,7,11
2025-08-28T12:23:22.474675,32,1804289383,-36.06,0.2531,0.0165,9,1
2025-08-28T12:23:22.474675,32,846930886,-44.31,0.2048,0.6387,22,20
2025-08-28T12:23:22.474675,32,1681692777,-30.66,0.3520,0.6828,1,0
2025-08-28T12:23:22.474675,32,1714636915,-29.93,0.9935,0.6408,8,24
2025-08-28T12:23:22.476721,24,1804289383,-116.82,0.5502,0.5160,20,19
2025-08-28T12:23:22.476721,24,846930886,-53.36,0.9417,0.9369,0,5
2025-08-28T12:23:22.476721,24,1681692777,-31.70,0.9196,0.7285,11,16
2025-08-28T12:23:22.476721,24,1714636915,-45.56,0.0877,0.8809,20,1
2025-08-28T12:23:22.477963,11,1804289383,-52.83,0.3167,0.5397,17,12
2025-08-28T12:23:22.477963,11,846930886,-66.33,0.3125,0.3566,13,9
2025-08-28T12:23:22.477963,11,1681692777,-41.18,0.0869,0.8284,26,8
2025-08-28T12:23:22.477963,11,1714636915,-39.54,0.7299,0.1364,12,2
2025-08-28T12:23:22.479101,15,1804289383,-23.37,0.1704,0.0629,11,27
2025-08-28T12:23:22.479101,15,846930886,-41.54,0.8472,0.9024,15,2
2025-08-28T12:23:22.479101,15,1681692777,-52.94,0.1013,0.0332,9,7
2025-08-28T12:23:22.479101,15,1714636915,-109.69,0.9831,0.9138,20,14
2025-08-28T12:23:22.480563,65,1804289383,-81.04,0.1240,0.4584,18,22
2025-08-28T12:23:22.480563,65,846930886,-56.98,0.5260,0.0667,14,18
2025-08-28T12:23:22.480563,65,1681692777,-44.28,0.8006,0.7689,0,15
2025-08-28T12:23:22.480563,65,1714636915,-49.59,0.6043,0.8609,7,26
2025-08-28T12:23:22.481682,89,1804289383,-83.73,0.1311,0.5303,10,9
2025-08-28T12:23:22.481682,89,846930886,-39.10,0.2765,0.8007,22,11
2025-08-28T12:23:22.481682,89,1681692777,-81.98,0.9329,0.4052,14,10
2025-08-28T12:23:22.481682,89,1714636915,-97.64,0.9062,0.2618,22,26
2025-08-28T12:23:22.482748,73,1804289383,-21.73,0.3810,0.8098,21,13
2025-08-28T12:23:22.482748,73,846930886,-68.81,0.8436,0.0047,9,5
2025-08-28T12:23:22.482748,73,1681692777,-102.71,0.6430,0.2337,17,3
2025-08-28T12:23:22.482748,73,1714636915,-64.38,0.4494,0.1412,7,19
2025-08-28T12:23:22.483828,98,1804289383,-51.59,0.8014,0.5121,17,9
2025-08-28T12:23:22.483828,98,846930886,-116.96,0.9459,0.6185,20,20
2025-08-28T12:23:22.483828,98,1681692777,-57.46,0.4114,0.8083,2,22
2025-08-28T12:23:22.483828,98,1714636915,-46.58,0.4690,0.7167,10,14
